panel,outcome,estimate,ci_low,ci_high,participants
a,PHQ-9,16.601821194866318,13.17704826204649,20.105809617014927,324
a,GAD-7,16.817417882911844,13.537153081528006,20.35008820029388,327
b,PHQ-9 stationary null,0.19021346038262102,,,324
b,PHQ-9 stationary null,0.17420196648990222,,,324
b,PHQ-9 stationary null,0.11493889789990752,,,324
b,PHQ-9 stationary null,0.1798236138423894,,,324
b,PHQ-9 stationary null,0.10864334421162959,,,324
b,PHQ-9 stationary null,0.23776049290087298,,,324
b,PHQ-9 stationary null,0.14309796911119507,,,324
b,PHQ-9 stationary null,0.18251406153938793,,,324
b,PHQ-9 stationary null,0.18215580938370896,,,324
b,PHQ-9 stationary null,0.18920877401363345,,,324
b,PHQ-9 stationary null,0.20564505422136,,,324
b,PHQ-9 stationary null,0.1947733519097601,,,324
b,PHQ-9 stationary null,0.2523761696802297,,,324
b,PHQ-9 stationary null,0.1484982037476232,,,324
b,PHQ-9 stationary null,0.12322103442891136,,,324
b,PHQ-9 stationary null,0.14922098709659617,,,324
b,PHQ-9 stationary null,0.1901451808562288,,,324
b,PHQ-9 stationary null,0.1459133535186177,,,324
b,PHQ-9 stationary null,0.18901387671197437,,,324
b,PHQ-9 stationary null,0.21387380806980932,,,324
b,PHQ-9 stationary null,0.16328335822976167,,,324
b,PHQ-9 stationary null,0.20455803209760762,,,324
b,PHQ-9 stationary null,0.19332794621450067,,,324
b,PHQ-9 stationary null,0.1643467536626244,,,324
b,PHQ-9 stationary null,0.20292872224374148,,,324
b,PHQ-9 stationary null,0.14275987144704957,,,324
b,PHQ-9 stationary null,0.1773215629855744,,,324
b,PHQ-9 stationary null,0.21932864455556098,,,324
b,PHQ-9 stationary null,0.1560908778198515,,,324
b,PHQ-9 stationary null,0.22579087751350962,,,324
b,PHQ-9 stationary null,0.1739359242617618,,,324
b,PHQ-9 stationary null,0.15666988110932034,,,324
b,PHQ-9 stationary null,0.15326297351126078,,,324
b,PHQ-9 stationary null,0.20527410529438733,,,324
b,PHQ-9 stationary null,0.2127133802876924,,,324
b,PHQ-9 stationary null,0.14161056778928777,,,324
b,PHQ-9 stationary null,0.16120489492067763,,,324
b,PHQ-9 stationary null,0.15022724966692358,,,324
b,PHQ-9 stationary null,0.1608005119013563,,,324
b,PHQ-9 stationary null,0.1657729046726388,,,324
b,PHQ-9 stationary null,0.16164818024610828,,,324
b,PHQ-9 stationary null,0.12857462924266333,,,324
b,PHQ-9 stationary null,0.20917840216982997,,,324
b,PHQ-9 stationary null,0.20309029762250966,,,324
b,PHQ-9 stationary null,0.1609944828262775,,,324
b,PHQ-9 stationary null,0.2135928085060527,,,324
b,PHQ-9 stationary null,0.1592025071588564,,,324
b,PHQ-9 stationary null,0.14341861680523854,,,324
b,PHQ-9 stationary null,0.14797962362291664,,,324
b,PHQ-9 stationary null,0.1499958044501387,,,324
b,PHQ-9 stationary null,0.17649506191904898,,,324
b,PHQ-9 stationary null,0.1612145882736324,,,324
b,PHQ-9 stationary null,0.12989455341324052,,,324
b,PHQ-9 stationary null,0.15355464959172616,,,324
b,PHQ-9 stationary null,0.18418764650693353,,,324
b,PHQ-9 stationary null,0.14340681281568757,,,324
b,PHQ-9 stationary null,0.11482523029024659,,,324
b,PHQ-9 stationary null,0.1263028286381524,,,324
b,PHQ-9 stationary null,0.1806284180882176,,,324
b,PHQ-9 stationary null,0.16745804846150183,,,324
b,PHQ-9 stationary null,0.21921712400925564,,,324
b,PHQ-9 stationary null,0.19498547291881282,,,324
b,PHQ-9 stationary null,0.16675616216420827,,,324
b,PHQ-9 stationary null,0.17572988292153938,,,324
b,PHQ-9 stationary null,0.1329251517686354,,,324
b,PHQ-9 stationary null,0.15271668545757638,,,324
b,PHQ-9 stationary null,0.22905833825622088,,,324
b,PHQ-9 stationary null,0.13546374726955554,,,324
b,PHQ-9 stationary null,0.1961521560197283,,,324
b,PHQ-9 stationary null,0.1659704053613604,,,324
b,PHQ-9 stationary null,0.21844179686017087,,,324
b,PHQ-9 stationary null,0.21175647011044443,,,324
b,PHQ-9 stationary null,0.20839348764606017,,,324
b,PHQ-9 stationary null,0.11936282345081581,,,324
b,PHQ-9 stationary null,0.15422045163923637,,,324
b,PHQ-9 stationary null,0.2040800542459321,,,324
b,PHQ-9 stationary null,0.19562095999447185,,,324
b,PHQ-9 stationary null,0.1814702283967288,,,324
b,PHQ-9 stationary null,0.1629547357000661,,,324
b,PHQ-9 stationary null,0.1433687694407162,,,324
b,PHQ-9 stationary null,0.15211869020735064,,,324
b,PHQ-9 stationary null,0.16556053788657218,,,324
b,PHQ-9 stationary null,0.2006814270600618,,,324
b,PHQ-9 stationary null,0.16787564477968353,,,324
b,PHQ-9 stationary null,0.12953789702387375,,,324
b,PHQ-9 stationary null,0.21648031049217256,,,324
b,PHQ-9 stationary null,0.13098276140800386,,,324
b,PHQ-9 stationary null,0.14017969619232612,,,324
b,PHQ-9 stationary null,0.17408729133954567,,,324
b,PHQ-9 stationary null,0.1749131944136735,,,324
b,PHQ-9 stationary null,0.16698908066854504,,,324
b,PHQ-9 stationary null,0.20573502586117137,,,324
b,PHQ-9 stationary null,0.14774128112020285,,,324
b,PHQ-9 stationary null,0.14650359694801735,,,324
b,PHQ-9 stationary null,0.1971267794836304,,,324
b,PHQ-9 stationary null,0.19037072104625868,,,324
b,PHQ-9 stationary null,0.16206055314681134,,,324
b,PHQ-9 stationary null,0.13984942961300825,,,324
b,PHQ-9 stationary null,0.15960023788288993,,,324
b,PHQ-9 stationary null,0.19658542145131455,,,324
b,PHQ-9 stationary null,0.1586387314438723,,,324
b,PHQ-9 stationary null,0.19192141168491816,,,324
b,PHQ-9 stationary null,0.223227613317728,,,324
b,PHQ-9 stationary null,0.17301801276259293,,,324
b,PHQ-9 stationary null,0.1295787692231744,,,324
b,PHQ-9 stationary null,0.16003796871200426,,,324
b,PHQ-9 stationary null,0.10497898736428878,,,324
b,PHQ-9 stationary null,0.17094007150225565,,,324
b,PHQ-9 stationary null,0.15916297532150978,,,324
b,PHQ-9 stationary null,0.14048107414664784,,,324
b,PHQ-9 stationary null,0.16646757479515167,,,324
b,PHQ-9 stationary null,0.246860879372307,,,324
b,PHQ-9 stationary null,0.15508621769459166,,,324
b,PHQ-9 stationary null,0.15295358633217013,,,324
b,PHQ-9 stationary null,0.14597835392537767,,,324
b,PHQ-9 stationary null,0.1806971038859651,,,324
b,PHQ-9 stationary null,0.17145028490434455,,,324
b,PHQ-9 stationary null,0.10178957264503166,,,324
b,PHQ-9 stationary null,0.20218820655445366,,,324
b,PHQ-9 stationary null,0.20375937936546876,,,324
b,PHQ-9 stationary null,0.20014973916981932,,,324
b,PHQ-9 stationary null,0.19822658678667868,,,324
b,PHQ-9 stationary null,0.19084726048301887,,,324
b,PHQ-9 stationary null,0.18392909222301512,,,324
b,PHQ-9 stationary null,0.15355273491162943,,,324
b,PHQ-9 stationary null,0.16341688827909542,,,324
b,PHQ-9 stationary null,0.15730674136780398,,,324
b,PHQ-9 stationary null,0.23097998177683124,,,324
b,PHQ-9 stationary null,0.193873770669842,,,324
b,PHQ-9 stationary null,0.16857759122215232,,,324
b,PHQ-9 stationary null,0.21424111535001705,,,324
b,PHQ-9 stationary null,0.13994190255535233,,,324
b,PHQ-9 stationary null,0.2153706477351659,,,324
b,PHQ-9 stationary null,0.23474725389991613,,,324
b,PHQ-9 stationary null,0.18956056047523456,,,324
b,PHQ-9 stationary null,0.19524569129654404,,,324
b,PHQ-9 stationary null,0.18966231842739892,,,324
b,PHQ-9 stationary null,0.20797400882701136,,,324
b,PHQ-9 stationary null,0.16895933938814342,,,324
b,PHQ-9 stationary null,0.14784937699219758,,,324
b,PHQ-9 stationary null,0.15351252743374214,,,324
b,PHQ-9 stationary null,0.19295843256094627,,,324
b,PHQ-9 stationary null,0.14411493266811992,,,324
b,PHQ-9 stationary null,0.18174248940850138,,,324
b,PHQ-9 stationary null,0.20351894906666124,,,324
b,PHQ-9 stationary null,0.1919607388973672,,,324
b,PHQ-9 stationary null,0.16282532615942025,,,324
b,PHQ-9 stationary null,0.17246314732622006,,,324
b,PHQ-9 stationary null,0.15029564075300683,,,324
b,PHQ-9 stationary null,0.17797129478633922,,,324
b,PHQ-9 stationary null,0.18694439272114116,,,324
b,PHQ-9 stationary null,0.14799600557855297,,,324
b,PHQ-9 stationary null,0.2029808562582512,,,324
b,PHQ-9 stationary null,0.12841891041629908,,,324
b,PHQ-9 stationary null,0.14845870939131695,,,324
b,PHQ-9 stationary null,0.19759327769063384,,,324
b,PHQ-9 stationary null,0.19916380565814312,,,324
b,PHQ-9 stationary null,0.1969804908103166,,,324
b,PHQ-9 stationary null,0.14425301257483467,,,324
b,PHQ-9 stationary null,0.22535847701224504,,,324
b,PHQ-9 stationary null,0.20309154296146312,,,324
b,PHQ-9 stationary null,0.17405746583820614,,,324
b,PHQ-9 stationary null,0.20261661583538,,,324
b,PHQ-9 stationary null,0.19330330151794783,,,324
b,PHQ-9 stationary null,0.2047038588850623,,,324
b,PHQ-9 stationary null,0.20145244067160342,,,324
b,PHQ-9 stationary null,0.15676306332771708,,,324
b,PHQ-9 stationary null,0.20885536874903085,,,324
b,PHQ-9 stationary null,0.16849301993262772,,,324
b,PHQ-9 stationary null,0.1926026674538751,,,324
b,PHQ-9 stationary null,0.18643190667527854,,,324
b,PHQ-9 stationary null,0.18950202993841334,,,324
b,PHQ-9 stationary null,0.18027789531018895,,,324
b,PHQ-9 stationary null,0.15371218988083687,,,324
b,PHQ-9 stationary null,0.10272974618817028,,,324
b,PHQ-9 stationary null,0.22597290607547316,,,324
b,PHQ-9 stationary null,0.18062346687966624,,,324
b,PHQ-9 stationary null,0.1471833247023505,,,324
b,PHQ-9 stationary null,0.1882556586625253,,,324
b,PHQ-9 stationary null,0.17757391334228073,,,324
b,PHQ-9 stationary null,0.13916258657951106,,,324
b,PHQ-9 stationary null,0.16827996160937556,,,324
b,PHQ-9 stationary null,0.21516678506579132,,,324
b,PHQ-9 stationary null,0.1852900143932882,,,324
b,PHQ-9 stationary null,0.13243351710041767,,,324
b,PHQ-9 stationary null,0.1834718931984478,,,324
b,PHQ-9 stationary null,0.1276578078480986,,,324
b,PHQ-9 stationary null,0.2098386112722241,,,324
b,PHQ-9 stationary null,0.14364233198713366,,,324
b,PHQ-9 stationary null,0.17168778996433384,,,324
b,PHQ-9 stationary null,0.1782040256821895,,,324
b,PHQ-9 stationary null,0.20232895491181738,,,324
b,PHQ-9 stationary null,0.15130115791867868,,,324
b,PHQ-9 stationary null,0.1931344260679295,,,324
b,PHQ-9 stationary null,0.20617802866493312,,,324
b,PHQ-9 stationary null,0.24597375216606684,,,324
b,PHQ-9 stationary null,0.14444172775602443,,,324
b,PHQ-9 stationary null,0.17267702089200093,,,324
b,PHQ-9 stationary null,0.18869116327489904,,,324
b,PHQ-9 stationary null,0.18335668358345045,,,324
b,PHQ-9 stationary null,0.23589569568766905,,,324
b,PHQ-9 stationary null,0.24013420577817485,,,324
b,PHQ-9 stationary null,0.1733703482125136,,,324
b,PHQ-9 stationary null,0.15625384213172208,,,324
b,PHQ-9 stationary null,0.16113856151518133,,,324
b,PHQ-9 stationary null,0.18908982611975014,,,324
b,PHQ-9 stationary null,0.1393281497231299,,,324
b,PHQ-9 stationary null,0.16705060610965705,,,324
b,PHQ-9 stationary null,0.15488897476362473,,,324
b,PHQ-9 stationary null,0.16456160495404634,,,324
b,PHQ-9 stationary null,0.18114610402800563,,,324
b,PHQ-9 stationary null,0.1774895732451495,,,324
b,PHQ-9 stationary null,0.16441600447050478,,,324
b,PHQ-9 stationary null,0.14169774856077658,,,324
b,PHQ-9 stationary null,0.18125194172133022,,,324
b,PHQ-9 stationary null,0.14082727234734277,,,324
b,PHQ-9 stationary null,0.15257610949193373,,,324
b,PHQ-9 stationary null,0.13487982633159393,,,324
b,PHQ-9 stationary null,0.11524547355150984,,,324
b,PHQ-9 stationary null,0.15525463079736468,,,324
b,PHQ-9 stationary null,0.20330690468381,,,324
b,PHQ-9 stationary null,0.18962486474367327,,,324
b,PHQ-9 stationary null,0.15183032368630053,,,324
b,PHQ-9 stationary null,0.1305981768613899,,,324
b,PHQ-9 stationary null,0.17788959380281813,,,324
b,PHQ-9 stationary null,0.1921861712911987,,,324
b,PHQ-9 stationary null,0.19231092355002574,,,324
b,PHQ-9 stationary null,0.18525121335490974,,,324
b,PHQ-9 stationary null,0.16709898031679393,,,324
b,PHQ-9 stationary null,0.19971053935530816,,,324
b,PHQ-9 stationary null,0.14039603900284517,,,324
b,PHQ-9 stationary null,0.19479995193709898,,,324
b,PHQ-9 stationary null,0.23526026579016535,,,324
b,PHQ-9 stationary null,0.19081396816057053,,,324
b,PHQ-9 stationary null,0.21110949933299042,,,324
b,PHQ-9 stationary null,0.18469169971063762,,,324
b,PHQ-9 stationary null,0.15512100273407628,,,324
b,PHQ-9 stationary null,0.1809376006323849,,,324
b,PHQ-9 stationary null,0.12929242294232848,,,324
b,PHQ-9 stationary null,0.2172930932268106,,,324
b,PHQ-9 stationary null,0.20224364532636652,,,324
b,PHQ-9 stationary null,0.20061596711586105,,,324
b,PHQ-9 stationary null,0.1882110427294434,,,324
b,PHQ-9 stationary null,0.1537527097322562,,,324
b,PHQ-9 stationary null,0.1641245853207308,,,324
b,PHQ-9 stationary null,0.1828596497749184,,,324
b,PHQ-9 stationary null,0.14272668709545663,,,324
b,PHQ-9 stationary null,0.11375792982306274,,,324
b,PHQ-9 stationary null,0.1352959322423379,,,324
b,PHQ-9 stationary null,0.12496060070866599,,,324
b,PHQ-9 stationary null,0.2298942866871229,,,324
b,PHQ-9 stationary null,0.1700609561259963,,,324
b,PHQ-9 stationary null,0.15947475886027196,,,324
b,PHQ-9 stationary null,0.1852620280719193,,,324
b,PHQ-9 stationary null,0.14335970916207036,,,324
b,PHQ-9 stationary null,0.09886225424807735,,,324
b,PHQ-9 stationary null,0.16850222858759478,,,324
b,PHQ-9 stationary null,0.20157137328304403,,,324
b,PHQ-9 stationary null,0.18953543303752213,,,324
b,PHQ-9 stationary null,0.15297601198814312,,,324
b,PHQ-9 stationary null,0.1612909738543868,,,324
b,PHQ-9 stationary null,0.17564115230883293,,,324
b,PHQ-9 stationary null,0.21071262450387013,,,324
b,PHQ-9 stationary null,0.18524501383529832,,,324
b,PHQ-9 stationary null,0.19424769630222816,,,324
b,PHQ-9 stationary null,0.24294551650893806,,,324
b,PHQ-9 stationary null,0.16306510954173453,,,324
b,PHQ-9 stationary null,0.14066264851611585,,,324
b,PHQ-9 stationary null,0.21133276448705154,,,324
b,PHQ-9 stationary null,0.1419142089326725,,,324
b,PHQ-9 stationary null,0.14666812018832476,,,324
b,PHQ-9 stationary null,0.2268563619339642,,,324
b,PHQ-9 stationary null,0.188106412846231,,,324
b,PHQ-9 stationary null,0.1865367123774972,,,324
b,PHQ-9 stationary null,0.16922481388289257,,,324
b,PHQ-9 stationary null,0.15552735875568485,,,324
b,PHQ-9 stationary null,0.1595137141637213,,,324
b,PHQ-9 stationary null,0.152141618932869,,,324
b,PHQ-9 stationary null,0.14802356889908472,,,324
b,PHQ-9 stationary null,0.1646254688039087,,,324
b,PHQ-9 stationary null,0.1585070458715674,,,324
b,PHQ-9 stationary null,0.10506605524087001,,,324
b,PHQ-9 stationary null,0.24042666317907704,,,324
b,PHQ-9 stationary null,0.18786345956939546,,,324
b,PHQ-9 stationary null,0.15363298317810992,,,324
b,PHQ-9 stationary null,0.18279127830274236,,,324
b,PHQ-9 stationary null,0.20732776493268396,,,324
b,PHQ-9 stationary null,0.17670543350837428,,,324
b,PHQ-9 stationary null,0.17718051990346873,,,324
b,PHQ-9 stationary null,0.24818143769577944,,,324
b,PHQ-9 stationary null,0.1563880363158243,,,324
b,PHQ-9 stationary null,0.23796463522321076,,,324
b,PHQ-9 stationary null,0.15961533208443132,,,324
b,PHQ-9 stationary null,0.17814056207601156,,,324
b,PHQ-9 stationary null,0.1785848238093011,,,324
b,PHQ-9 stationary null,0.18899754103487662,,,324
b,PHQ-9 stationary null,0.18350406323372867,,,324
b,PHQ-9 stationary null,0.2113002513629296,,,324
b,PHQ-9 stationary null,0.15612635713181525,,,324
b,PHQ-9 stationary null,0.20506052157388605,,,324
b,PHQ-9 stationary null,0.1805302451574383,,,324
b,PHQ-9 stationary null,0.14864119630781775,,,324
b,PHQ-9 stationary null,0.1418505086937777,,,324
b,PHQ-9 stationary null,0.19239375113409302,,,324
b,PHQ-9 stationary null,0.23287560943054814,,,324
b,PHQ-9 stationary null,0.2270052487415482,,,324
b,PHQ-9 stationary null,0.16254748948187298,,,324
b,PHQ-9 stationary null,0.15999380725699575,,,324
b,PHQ-9 stationary null,0.17501395699352482,,,324
b,PHQ-9 stationary null,0.12807618516590127,,,324
b,PHQ-9 stationary null,0.16533210056425038,,,324
b,PHQ-9 stationary null,0.15207208833622582,,,324
b,PHQ-9 stationary null,0.15071639132872813,,,324
b,PHQ-9 stationary null,0.1950763767589197,,,324
b,PHQ-9 stationary null,0.16922194894686673,,,324
b,PHQ-9 stationary null,0.16099605841578737,,,324
b,PHQ-9 stationary null,0.18462860208816612,,,324
b,PHQ-9 stationary null,0.1397471279125461,,,324
b,PHQ-9 stationary null,0.20402200031297416,,,324
b,PHQ-9 stationary null,0.1990511944628737,,,324
b,PHQ-9 stationary null,0.1375374891045411,,,324
b,PHQ-9 stationary null,0.17110701487652946,,,324
b,PHQ-9 stationary null,0.22935813124983154,,,324
b,PHQ-9 stationary null,0.14540774096052464,,,324
b,PHQ-9 stationary null,0.1737879214227823,,,324
b,PHQ-9 stationary null,0.1653128709600659,,,324
b,PHQ-9 stationary null,0.16740068353327964,,,324
b,PHQ-9 stationary null,0.20772043660141587,,,324
b,PHQ-9 stationary null,0.15998830798624714,,,324
b,PHQ-9 stationary null,0.16332415377829962,,,324
b,PHQ-9 stationary null,0.16913634015475484,,,324
b,PHQ-9 stationary null,0.20493548863475394,,,324
b,PHQ-9 stationary null,0.1845568205748912,,,324
b,PHQ-9 stationary null,0.241197419902027,,,324
b,PHQ-9 stationary null,0.09972712983703186,,,324
b,PHQ-9 stationary null,0.17005673276194377,,,324
b,PHQ-9 stationary null,0.20110562229339748,,,324
b,PHQ-9 stationary null,0.18220469298820954,,,324
b,PHQ-9 stationary null,0.19344361732511922,,,324
b,PHQ-9 stationary null,0.13211284483235886,,,324
b,PHQ-9 stationary null,0.17182385579124754,,,324
b,PHQ-9 stationary null,0.23763688891924528,,,324
b,PHQ-9 stationary null,0.17615087417348396,,,324
b,PHQ-9 stationary null,0.16322611664722914,,,324
b,PHQ-9 stationary null,0.1440960342083788,,,324
b,PHQ-9 stationary null,0.22396849666117394,,,324
b,PHQ-9 stationary null,0.17933786644862768,,,324
b,PHQ-9 stationary null,0.15164103770015813,,,324
b,PHQ-9 stationary null,0.15836538844007367,,,324
b,PHQ-9 stationary null,0.1622173496390324,,,324
b,PHQ-9 stationary null,0.14625604753963817,,,324
b,PHQ-9 stationary null,0.2004882950746731,,,324
b,PHQ-9 stationary null,0.22486342192792774,,,324
b,PHQ-9 stationary null,0.1849134591839467,,,324
b,PHQ-9 stationary null,0.190013718357342,,,324
b,PHQ-9 stationary null,0.1690678291482077,,,324
b,PHQ-9 stationary null,0.17775700778563008,,,324
b,PHQ-9 stationary null,0.19330121187219249,,,324
b,PHQ-9 stationary null,0.16346110794604563,,,324
b,PHQ-9 stationary null,0.16879214534895604,,,324
b,PHQ-9 stationary null,0.16939373375143446,,,324
b,PHQ-9 stationary null,0.20807534251459034,,,324
b,PHQ-9 stationary null,0.17849388674953034,,,324
b,PHQ-9 stationary null,0.19128471761813548,,,324
b,PHQ-9 stationary null,0.14917448663740107,,,324
b,PHQ-9 stationary null,0.1523497916739992,,,324
b,PHQ-9 stationary null,0.18129969916229693,,,324
b,PHQ-9 stationary null,0.1805373524981845,,,324
b,PHQ-9 stationary null,0.17409677682181937,,,324
b,PHQ-9 stationary null,0.16637751636417913,,,324
b,PHQ-9 stationary null,0.15620869554220415,,,324
b,PHQ-9 stationary null,0.17407644039297315,,,324
b,PHQ-9 stationary null,0.16091923067161773,,,324
b,PHQ-9 stationary null,0.18173969621204433,,,324
b,PHQ-9 stationary null,0.2348895379211162,,,324
b,PHQ-9 stationary null,0.18081365079715592,,,324
b,PHQ-9 stationary null,0.20232113795365458,,,324
b,PHQ-9 stationary null,0.2014220777298821,,,324
b,PHQ-9 stationary null,0.11637940843351482,,,324
b,PHQ-9 stationary null,0.20569519707846937,,,324
b,PHQ-9 stationary null,0.1931384120678936,,,324
b,PHQ-9 stationary null,0.1761105431416416,,,324
b,PHQ-9 stationary null,0.1287134959518123,,,324
b,PHQ-9 stationary null,0.1643175745730814,,,324
b,PHQ-9 stationary null,0.1955251492729815,,,324
b,PHQ-9 stationary null,0.21292258522682558,,,324
b,PHQ-9 stationary null,0.19191760431929794,,,324
b,PHQ-9 stationary null,0.20330642797599577,,,324
b,PHQ-9 stationary null,0.187378715639836,,,324
b,PHQ-9 stationary null,0.20703201068875757,,,324
b,PHQ-9 stationary null,0.16054773243029452,,,324
b,PHQ-9 stationary null,0.17738338512121624,,,324
b,PHQ-9 stationary null,0.14320961887818198,,,324
b,PHQ-9 stationary null,0.23020967981582793,,,324
b,PHQ-9 stationary null,0.18433755492767287,,,324
b,PHQ-9 stationary null,0.1546842243703427,,,324
b,PHQ-9 stationary null,0.18633358294562385,,,324
b,PHQ-9 stationary null,0.1703019454976813,,,324
b,PHQ-9 stationary null,0.13673469739701707,,,324
b,PHQ-9 stationary null,0.1859916208237104,,,324
b,PHQ-9 stationary null,0.1839217359854975,,,324
b,PHQ-9 stationary null,0.1244098312787687,,,324
b,PHQ-9 stationary null,0.19080791469119698,,,324
b,PHQ-9 stationary null,0.1794861612319366,,,324
b,PHQ-9 stationary null,0.23779323974122235,,,324
b,PHQ-9 stationary null,0.2104166535796094,,,324
b,PHQ-9 stationary null,0.20854540158757603,,,324
b,PHQ-9 stationary null,0.19403481884465615,,,324
b,PHQ-9 stationary null,0.12770805942134783,,,324
b,PHQ-9 stationary null,0.20449908070798212,,,324
b,PHQ-9 stationary null,0.1497406949904515,,,324
b,PHQ-9 stationary null,0.19633161482523548,,,324
b,PHQ-9 stationary null,0.22735828483414788,,,324
b,PHQ-9 stationary null,0.18803035350869846,,,324
b,PHQ-9 stationary null,0.15604989651632648,,,324
b,PHQ-9 stationary null,0.18482228125594286,,,324
b,PHQ-9 stationary null,0.2072135406976614,,,324
b,PHQ-9 stationary null,0.22098862566859448,,,324
b,PHQ-9 stationary null,0.21825135126201875,,,324
b,PHQ-9 stationary null,0.19460680690482166,,,324
b,PHQ-9 stationary null,0.21800736493122605,,,324
b,PHQ-9 stationary null,0.1577001523952968,,,324
b,PHQ-9 stationary null,0.16049379317166798,,,324
b,PHQ-9 stationary null,0.16119261069698607,,,324
b,PHQ-9 stationary null,0.1773472177466466,,,324
b,PHQ-9 stationary null,0.17744671987773306,,,324
b,PHQ-9 stationary null,0.1601810179612798,,,324
b,PHQ-9 stationary null,0.18720340819492326,,,324
b,PHQ-9 stationary null,0.16075703296160782,,,324
b,PHQ-9 stationary null,0.17296251531940648,,,324
b,PHQ-9 stationary null,0.2052551143988974,,,324
b,PHQ-9 stationary null,0.13054832199733687,,,324
b,PHQ-9 stationary null,0.23314104965889365,,,324
b,PHQ-9 stationary null,0.19249560871886898,,,324
b,PHQ-9 stationary null,0.16482369551784348,,,324
b,PHQ-9 stationary null,0.1669736236914435,,,324
b,PHQ-9 stationary null,0.18395289978248794,,,324
b,PHQ-9 stationary null,0.1349360566897845,,,324
b,PHQ-9 stationary null,0.21256384913193066,,,324
b,PHQ-9 stationary null,0.17305337792256426,,,324
b,PHQ-9 stationary null,0.13041123784100778,,,324
b,PHQ-9 stationary null,0.21137916808215737,,,324
b,PHQ-9 stationary null,0.21342573893221417,,,324
b,PHQ-9 stationary null,0.19626872523591068,,,324
b,PHQ-9 stationary null,0.13593355159790385,,,324
b,PHQ-9 stationary null,0.2013008306044138,,,324
b,PHQ-9 stationary null,0.17796872515581086,,,324
b,PHQ-9 stationary null,0.19087607215278085,,,324
b,PHQ-9 stationary null,0.18539184346797036,,,324
b,PHQ-9 stationary null,0.23068644751673434,,,324
b,PHQ-9 stationary null,0.16997542631388673,,,324
b,PHQ-9 stationary null,0.2072340397008615,,,324
b,PHQ-9 stationary null,0.22221464918513026,,,324
b,PHQ-9 stationary null,0.15706548505811047,,,324
b,PHQ-9 stationary null,0.1539288554924761,,,324
b,PHQ-9 stationary null,0.18753244390675042,,,324
b,PHQ-9 stationary null,0.20442874565376576,,,324
b,PHQ-9 stationary null,0.15404370891562955,,,324
b,PHQ-9 stationary null,0.18899494174763468,,,324
b,PHQ-9 stationary null,0.17092756134890602,,,324
b,PHQ-9 stationary null,0.24874276150472452,,,324
b,PHQ-9 stationary null,0.1801908105597295,,,324
b,PHQ-9 stationary null,0.17016721511942887,,,324
b,PHQ-9 stationary null,0.19058798869659277,,,324
b,PHQ-9 stationary null,0.1911660423465915,,,324
b,PHQ-9 stationary null,0.15955201013953726,,,324
b,PHQ-9 stationary null,0.17273710857249788,,,324
b,PHQ-9 stationary null,0.1795725578490289,,,324
b,PHQ-9 stationary null,0.138630867456937,,,324
b,PHQ-9 stationary null,0.10909934840073855,,,324
b,PHQ-9 stationary null,0.15399046287015872,,,324
b,PHQ-9 stationary null,0.16187777335115458,,,324
b,PHQ-9 stationary null,0.1666533357524107,,,324
b,PHQ-9 stationary null,0.174293610778337,,,324
b,PHQ-9 stationary null,0.1421995463911436,,,324
b,PHQ-9 stationary null,0.1500330155270678,,,324
b,PHQ-9 stationary null,0.13823076858155253,,,324
b,PHQ-9 stationary null,0.15335814380374413,,,324
b,PHQ-9 stationary null,0.1783657098268027,,,324
b,PHQ-9 stationary null,0.1912217331133943,,,324
b,PHQ-9 stationary null,0.16876735371100435,,,324
b,PHQ-9 stationary null,0.1593330847402019,,,324
b,PHQ-9 stationary null,0.19328162742302638,,,324
b,PHQ-9 stationary null,0.1450869188431333,,,324
b,PHQ-9 stationary null,0.18360795078067735,,,324
b,PHQ-9 stationary null,0.17523026187120921,,,324
b,PHQ-9 stationary null,0.12126767911434515,,,324
b,PHQ-9 stationary null,0.19970966137308774,,,324
b,PHQ-9 stationary null,0.1476427682162431,,,324
b,PHQ-9 stationary null,0.17563140819538628,,,324
b,PHQ-9 stationary null,0.1359265131463926,,,324
b,PHQ-9 stationary null,0.17474804440616098,,,324
b,PHQ-9 stationary null,0.19454345765778963,,,324
b,PHQ-9 stationary null,0.14816250297271483,,,324
b,PHQ-9 stationary null,0.1461648023306484,,,324
b,PHQ-9 stationary null,0.17110603983161296,,,324
b,PHQ-9 stationary null,0.20424721246706307,,,324
b,PHQ-9 stationary null,0.16366742555647595,,,324
b,PHQ-9 stationary null,0.15966046040542434,,,324
b,PHQ-9 stationary null,0.14358647986391446,,,324
b,PHQ-9 stationary null,0.19690493919850127,,,324
b,PHQ-9 stationary null,0.21625380916716835,,,324
b,PHQ-9 stationary null,0.21727770566006094,,,324
b,PHQ-9 stationary null,0.11232790559077156,,,324
b,PHQ-9 stationary null,0.19217939461558298,,,324
b,PHQ-9 stationary null,0.20867379301852826,,,324
b,PHQ-9 stationary null,0.16242070684619403,,,324
b,PHQ-9 stationary null,0.14823727762070288,,,324
b,PHQ-9 stationary null,0.1233599711119503,,,324
b,PHQ-9 stationary null,0.13251735892612518,,,324
b,PHQ-9 stationary null,0.1882129429731021,,,324
b,PHQ-9 stationary null,0.157650945012082,,,324
b,PHQ-9 stationary null,0.16669492259307928,,,324
b,PHQ-9 stationary null,0.2514248565911924,,,324
b,PHQ-9 stationary null,0.19972663477225142,,,324
b,PHQ-9 stationary null,0.16457952879382154,,,324
b,PHQ-9 stationary null,0.16216937043378057,,,324
b,PHQ-9 stationary null,0.21951686040214327,,,324
b,PHQ-9 stationary null,0.17407156302237992,,,324
b,PHQ-9 stationary null,0.23654494984511343,,,324
b,PHQ-9 stationary null,0.16891731071096622,,,324
b,PHQ-9 stationary null,0.20696278592332265,,,324
b,PHQ-9 stationary null,0.15481042992151112,,,324
b,PHQ-9 stationary null,0.18942085510657009,,,324
b,PHQ-9 stationary null,0.15741894752692176,,,324
b,PHQ-9 stationary null,0.14881421441374942,,,324
b,PHQ-9 stationary null,0.11452996875819782,,,324
b,PHQ-9 stationary null,0.14911550362596654,,,324
b,PHQ-9 stationary null,0.15425377981165292,,,324
b,PHQ-9 stationary null,0.1720239120035705,,,324
b,PHQ-9 stationary null,0.22507324244478646,,,324
b,PHQ-9 stationary null,0.2519840990647708,,,324
b,PHQ-9 stationary null,0.19735571429216284,,,324
b,PHQ-9 stationary null,0.18571236914784722,,,324
b,PHQ-9 stationary null,0.17441905843246072,,,324
b,PHQ-9 stationary null,0.19644896111807741,,,324
b,PHQ-9 stationary null,0.17251391378907513,,,324
b,PHQ-9 stationary null,0.21081194448733478,,,324
b,PHQ-9 stationary null,0.13313965590703405,,,324
b,PHQ-9 stationary null,0.16733470861468072,,,324
b,PHQ-9 stationary null,0.15932029169105388,,,324
b,PHQ-9 stationary null,0.16649858348882152,,,324
b,PHQ-9 stationary null,0.14320442927767096,,,324
b,PHQ-9 stationary null,0.17456680343757913,,,324
b,PHQ-9 stationary null,0.19037796542975197,,,324
b,PHQ-9 stationary null,0.14708774835282168,,,324
b,PHQ-9 stationary null,0.17738887778835075,,,324
b,PHQ-9 stationary null,0.21928328565201197,,,324
b,PHQ-9 stationary null,0.1322817778240213,,,324
b,PHQ-9 stationary null,0.17817103423123312,,,324
b,PHQ-9 stationary null,0.15333010762138644,,,324
b,PHQ-9 stationary null,0.16197991800331193,,,324
b,PHQ-9 stationary null,0.13757935079609596,,,324
b,PHQ-9 stationary null,0.16921477139127658,,,324
b,PHQ-9 stationary null,0.18230867516248847,,,324
b,PHQ-9 stationary null,0.1780700747421803,,,324
b,PHQ-9 stationary null,0.19230062730457254,,,324
b,PHQ-9 stationary null,0.1580995939025929,,,324
b,PHQ-9 stationary null,0.24271476168563363,,,324
b,PHQ-9 stationary null,0.17373950615614706,,,324
b,PHQ-9 stationary null,0.17963307499745382,,,324
b,PHQ-9 stationary null,0.19228190406628642,,,324
b,PHQ-9 stationary null,0.23644874366406055,,,324
b,PHQ-9 stationary null,0.1951534247985494,,,324
b,PHQ-9 stationary null,0.09947651529658216,,,324
b,PHQ-9 stationary null,0.19801037978888347,,,324
b,PHQ-9 stationary null,0.13593329077781557,,,324
b,PHQ-9 stationary null,0.16416168042367255,,,324
b,PHQ-9 stationary null,0.175816973046822,,,324
b,PHQ-9 stationary null,0.1751485696603653,,,324
b,PHQ-9 stationary null,0.25947715006370514,,,324
b,PHQ-9 stationary null,0.16657920856155525,,,324
b,PHQ-9 stationary null,0.1763047479579378,,,324
b,PHQ-9 stationary null,0.18661910208770577,,,324
b,PHQ-9 stationary null,0.17349768695485163,,,324
b,PHQ-9 stationary null,0.18066014099585415,,,324
b,PHQ-9 stationary null,0.16334602512872654,,,324
b,PHQ-9 stationary null,0.18617428327594807,,,324
b,PHQ-9 stationary null,0.14058830734068437,,,324
b,PHQ-9 stationary null,0.13284507793969094,,,324
b,PHQ-9 stationary null,0.18796668878871045,,,324
b,PHQ-9 stationary null,0.14729623450657459,,,324
b,PHQ-9 stationary null,0.12384515129345214,,,324
b,PHQ-9 stationary null,0.197213284995728,,,324
b,PHQ-9 stationary null,0.14195054257087236,,,324
b,PHQ-9 stationary null,0.13229598076226415,,,324
b,PHQ-9 stationary null,0.15594899949153052,,,324
b,PHQ-9 stationary null,0.163611131242372,,,324
b,PHQ-9 stationary null,0.1781098513295182,,,324
b,PHQ-9 stationary null,0.15803934504171244,,,324
b,PHQ-9 stationary null,0.21024990189361042,,,324
b,PHQ-9 stationary null,0.180659471719948,,,324
b,PHQ-9 stationary null,0.20313086846019457,,,324
b,PHQ-9 stationary null,0.1608611874599448,,,324
b,PHQ-9 stationary null,0.17516464372070276,,,324
b,PHQ-9 stationary null,0.19594052076227306,,,324
b,PHQ-9 stationary null,0.16054324969553857,,,324
b,PHQ-9 stationary null,0.22292990794274167,,,324
b,PHQ-9 stationary null,0.17218397340252284,,,324
b,PHQ-9 stationary null,0.11781017508350351,,,324
b,PHQ-9 stationary null,0.22777239813716532,,,324
b,PHQ-9 stationary null,0.13752841764746412,,,324
b,PHQ-9 stationary null,0.16783348759062666,,,324
b,PHQ-9 stationary null,0.1838831565645285,,,324
b,PHQ-9 stationary null,0.13172302281036274,,,324
b,PHQ-9 stationary null,0.19940138826821352,,,324
b,PHQ-9 stationary null,0.18002745818376348,,,324
b,PHQ-9 stationary null,0.19432101790634654,,,324
b,PHQ-9 stationary null,0.14208428041713997,,,324
b,PHQ-9 stationary null,0.1743399881388172,,,324
b,PHQ-9 stationary null,0.11359639535188876,,,324
b,PHQ-9 stationary null,0.16928237608487032,,,324
b,PHQ-9 stationary null,0.17063047703972478,,,324
b,PHQ-9 stationary null,0.1794912741273436,,,324
b,PHQ-9 stationary null,0.1751769588724119,,,324
b,PHQ-9 stationary null,0.1765374777781283,,,324
b,PHQ-9 stationary null,0.1733124843268974,,,324
b,PHQ-9 stationary null,0.21501570028877995,,,324
b,PHQ-9 stationary null,0.1414978225475561,,,324
b,PHQ-9 stationary null,0.2239057558734162,,,324
b,PHQ-9 stationary null,0.1605137172498325,,,324
b,PHQ-9 stationary null,0.15924121945527533,,,324
b,PHQ-9 stationary null,0.21419728192777776,,,324
b,PHQ-9 stationary null,0.1882789644649815,,,324
b,PHQ-9 stationary null,0.21542975310857249,,,324
b,PHQ-9 stationary null,0.20573377821365949,,,324
b,PHQ-9 stationary null,0.18837022607888187,,,324
b,PHQ-9 stationary null,0.145290064488381,,,324
b,PHQ-9 stationary null,0.15318727457174794,,,324
b,PHQ-9 stationary null,0.18266833915871145,,,324
b,PHQ-9 stationary null,0.18264089528616997,,,324
b,PHQ-9 stationary null,0.18819252707599887,,,324
b,PHQ-9 stationary null,0.16040401803967475,,,324
b,PHQ-9 stationary null,0.21509029211798145,,,324
b,PHQ-9 stationary null,0.18933373521571903,,,324
b,PHQ-9 stationary null,0.16571592582626413,,,324
b,PHQ-9 stationary null,0.13801063425096766,,,324
b,PHQ-9 stationary null,0.1761447707346943,,,324
b,PHQ-9 stationary null,0.2198986584704595,,,324
b,PHQ-9 stationary null,0.13119247175125362,,,324
b,PHQ-9 stationary null,0.1565252384984334,,,324
b,PHQ-9 stationary null,0.19517179980778493,,,324
b,PHQ-9 stationary null,0.20539737205611228,,,324
b,PHQ-9 stationary null,0.1589083037169028,,,324
b,PHQ-9 stationary null,0.1781146787473805,,,324
b,PHQ-9 stationary null,0.18876330085274312,,,324
b,PHQ-9 stationary null,0.14471049755882218,,,324
b,PHQ-9 stationary null,0.19844014867677734,,,324
b,PHQ-9 stationary null,0.14093008928176032,,,324
b,PHQ-9 stationary null,0.13216215808666404,,,324
b,PHQ-9 stationary null,0.19680924703489786,,,324
b,PHQ-9 stationary null,0.16009886191915845,,,324
b,PHQ-9 stationary null,0.19632357100170938,,,324
b,PHQ-9 stationary null,0.19293405353609816,,,324
b,PHQ-9 stationary null,0.13268978141550633,,,324
b,PHQ-9 stationary null,0.20801839076435974,,,324
b,PHQ-9 stationary null,0.16398372523393048,,,324
b,PHQ-9 stationary null,0.181318438220335,,,324
b,PHQ-9 stationary null,0.17838215128867155,,,324
b,PHQ-9 stationary null,0.1755833017091268,,,324
b,PHQ-9 stationary null,0.19380721891372657,,,324
b,PHQ-9 stationary null,0.16129770532803037,,,324
b,PHQ-9 stationary null,0.19864880332363888,,,324
b,PHQ-9 stationary null,0.16096958371940348,,,324
b,PHQ-9 stationary null,0.20655909395341632,,,324
b,PHQ-9 stationary null,0.14917987293404258,,,324
b,PHQ-9 stationary null,0.24446136694979206,,,324
b,PHQ-9 stationary null,0.15532066762050156,,,324
b,PHQ-9 stationary null,0.11155181390220828,,,324
b,PHQ-9 stationary null,0.17561182244659526,,,324
b,PHQ-9 stationary null,0.18163185450510036,,,324
b,PHQ-9 stationary null,0.17922325897340324,,,324
b,PHQ-9 stationary null,0.1563220406484073,,,324
b,PHQ-9 stationary null,0.14062217385464645,,,324
b,PHQ-9 stationary null,0.12600600068761872,,,324
b,PHQ-9 stationary null,0.15187336080410507,,,324
b,PHQ-9 stationary null,0.1933859074310459,,,324
b,PHQ-9 stationary null,0.20223066331538297,,,324
b,PHQ-9 stationary null,0.184561580059735,,,324
b,PHQ-9 stationary null,0.17326927553962043,,,324
b,PHQ-9 stationary null,0.14123754513762482,,,324
b,PHQ-9 stationary null,0.17502063961882228,,,324
b,PHQ-9 stationary null,0.1752733235352547,,,324
b,PHQ-9 stationary null,0.18505414231357378,,,324
b,PHQ-9 stationary null,0.20063833684368648,,,324
b,PHQ-9 stationary null,0.16448371815116336,,,324
b,PHQ-9 stationary null,0.20513973200040855,,,324
b,PHQ-9 stationary null,0.15586928181899457,,,324
b,PHQ-9 stationary null,0.2462168966978209,,,324
b,PHQ-9 stationary null,0.1678319345418924,,,324
b,PHQ-9 stationary null,0.1378736325076471,,,324
b,PHQ-9 stationary null,0.22883754555118935,,,324
b,PHQ-9 stationary null,0.17674487214592696,,,324
b,PHQ-9 stationary null,0.1733823877797547,,,324
b,PHQ-9 stationary null,0.12566401037084426,,,324
b,PHQ-9 stationary null,0.13425989924909554,,,324
b,PHQ-9 stationary null,0.180451569309189,,,324
b,PHQ-9 stationary null,0.13710936359914025,,,324
b,PHQ-9 stationary null,0.14544314653226512,,,324
b,PHQ-9 stationary null,0.1682985636435405,,,324
b,PHQ-9 stationary null,0.20823753261650008,,,324
b,PHQ-9 stationary null,0.15343765614398594,,,324
b,PHQ-9 stationary null,0.1509834059061345,,,324
b,PHQ-9 stationary null,0.2012561612733744,,,324
b,PHQ-9 stationary null,0.1589852030314006,,,324
b,PHQ-9 stationary null,0.16366919569297778,,,324
b,PHQ-9 stationary null,0.173072923902107,,,324
b,PHQ-9 stationary null,0.1756344990177091,,,324
b,PHQ-9 stationary null,0.17666204831885746,,,324
b,PHQ-9 stationary null,0.18321992409832455,,,324
b,PHQ-9 stationary null,0.2199878386464884,,,324
b,PHQ-9 stationary null,0.14401619513451072,,,324
b,PHQ-9 stationary null,0.17900875599493848,,,324
b,PHQ-9 stationary null,0.1681392805093939,,,324
b,PHQ-9 stationary null,0.23329041112004376,,,324
b,PHQ-9 stationary null,0.16563197953928763,,,324
b,PHQ-9 stationary null,0.23487247565918282,,,324
b,PHQ-9 stationary null,0.17712110008576734,,,324
b,PHQ-9 stationary null,0.18407433012904162,,,324
b,PHQ-9 stationary null,0.1930049551994223,,,324
b,PHQ-9 stationary null,0.18251226503938073,,,324
b,PHQ-9 stationary null,0.15202621820444537,,,324
b,PHQ-9 stationary null,0.18812812602966522,,,324
b,PHQ-9 stationary null,0.16714380604425141,,,324
b,PHQ-9 stationary null,0.14268834832333946,,,324
b,PHQ-9 stationary null,0.14066131653980501,,,324
b,PHQ-9 stationary null,0.1907433452459561,,,324
b,PHQ-9 stationary null,0.19707642711528556,,,324
b,PHQ-9 stationary null,0.18896705150763832,,,324
b,PHQ-9 stationary null,0.2339459226948404,,,324
b,PHQ-9 stationary null,0.15775672413209937,,,324
b,PHQ-9 stationary null,0.10388795913668117,,,324
b,PHQ-9 stationary null,0.16864055900826114,,,324
b,PHQ-9 stationary null,0.1605715671374801,,,324
b,PHQ-9 stationary null,0.15042871758954862,,,324
b,PHQ-9 stationary null,0.18218382717485954,,,324
b,PHQ-9 stationary null,0.1437306048985687,,,324
b,PHQ-9 stationary null,0.18768662644306883,,,324
b,PHQ-9 stationary null,0.17044052679166297,,,324
b,PHQ-9 stationary null,0.20646405068840026,,,324
b,PHQ-9 stationary null,0.16013992369896696,,,324
b,PHQ-9 stationary null,0.19287470266023612,,,324
b,PHQ-9 stationary null,0.18640051020180717,,,324
b,PHQ-9 stationary null,0.15945735103994993,,,324
b,PHQ-9 stationary null,0.13222784728417114,,,324
b,PHQ-9 stationary null,0.17579236924329972,,,324
b,PHQ-9 stationary null,0.192158683131413,,,324
b,PHQ-9 stationary null,0.18313039890669996,,,324
b,PHQ-9 stationary null,0.1633080574640807,,,324
b,PHQ-9 stationary null,0.22846612015391263,,,324
b,PHQ-9 stationary null,0.1506328089876411,,,324
b,PHQ-9 stationary null,0.1645869484898558,,,324
b,PHQ-9 stationary null,0.17549676123587393,,,324
b,PHQ-9 stationary null,0.2052246086853962,,,324
b,PHQ-9 stationary null,0.17272550660897174,,,324
b,PHQ-9 stationary null,0.13094440888464878,,,324
b,PHQ-9 stationary null,0.16651150048281985,,,324
b,PHQ-9 stationary null,0.1879651928520394,,,324
b,PHQ-9 stationary null,0.20805488529423694,,,324
b,PHQ-9 stationary null,0.10547559112673385,,,324
b,PHQ-9 stationary null,0.138997411832594,,,324
b,PHQ-9 stationary null,0.16552258981942483,,,324
b,PHQ-9 stationary null,0.15367875181903254,,,324
b,PHQ-9 stationary null,0.1879502738075428,,,324
b,PHQ-9 stationary null,0.15680624164573215,,,324
b,PHQ-9 stationary null,0.1716018088337145,,,324
b,PHQ-9 stationary null,0.1920462448932643,,,324
b,PHQ-9 stationary null,0.1678020706590382,,,324
b,PHQ-9 stationary null,0.17752098485375267,,,324
b,PHQ-9 stationary null,0.16022578239463195,,,324
b,PHQ-9 stationary null,0.17931771440232763,,,324
b,PHQ-9 stationary null,0.20186709712717985,,,324
b,PHQ-9 stationary null,0.15175188851815827,,,324
b,PHQ-9 stationary null,0.15777094693925975,,,324
b,PHQ-9 stationary null,0.14290348359209049,,,324
b,PHQ-9 stationary null,0.19603773361624632,,,324
b,PHQ-9 stationary null,0.1991165638028337,,,324
b,PHQ-9 stationary null,0.182856951211781,,,324
b,PHQ-9 stationary null,0.15236089965267482,,,324
b,PHQ-9 stationary null,0.19672437009639882,,,324
b,PHQ-9 stationary null,0.21718511868707852,,,324
b,PHQ-9 stationary null,0.1682075486109633,,,324
b,PHQ-9 stationary null,0.1733572506945288,,,324
b,PHQ-9 stationary null,0.18083059742212715,,,324
b,PHQ-9 stationary null,0.18450164265991037,,,324
b,PHQ-9 stationary null,0.15527681102807497,,,324
b,PHQ-9 stationary null,0.18634813959597546,,,324
b,PHQ-9 stationary null,0.16499818366949215,,,324
b,PHQ-9 stationary null,0.14450499297623,,,324
b,PHQ-9 stationary null,0.13437291527741424,,,324
b,PHQ-9 stationary null,0.19671610025059222,,,324
b,PHQ-9 stationary null,0.15170248021521004,,,324
b,PHQ-9 stationary null,0.09671220494001283,,,324
b,PHQ-9 stationary null,0.24253379243598722,,,324
b,PHQ-9 stationary null,0.16970282580477705,,,324
b,PHQ-9 stationary null,0.17099184072985793,,,324
b,PHQ-9 stationary null,0.11855578218899084,,,324
b,PHQ-9 stationary null,0.19566797421209572,,,324
b,PHQ-9 stationary null,0.19041817917526577,,,324
b,PHQ-9 stationary null,0.18399738263458762,,,324
b,PHQ-9 stationary null,0.24356046825534786,,,324
b,PHQ-9 stationary null,0.21519899564394324,,,324
b,PHQ-9 stationary null,0.20628779824472526,,,324
b,PHQ-9 stationary null,0.14931280984092676,,,324
b,PHQ-9 stationary null,0.1692180717870373,,,324
b,PHQ-9 stationary null,0.13744430334182042,,,324
b,PHQ-9 stationary null,0.18847475835916128,,,324
b,PHQ-9 stationary null,0.1544907608230677,,,324
b,PHQ-9 stationary null,0.20013948611776713,,,324
b,PHQ-9 stationary null,0.09979404808624759,,,324
b,PHQ-9 stationary null,0.14579873985642364,,,324
b,PHQ-9 stationary null,0.14159648684610382,,,324
b,PHQ-9 stationary null,0.18942830705501726,,,324
b,PHQ-9 stationary null,0.17558670093299075,,,324
b,PHQ-9 stationary null,0.20304236961419106,,,324
b,PHQ-9 stationary null,0.13735637782709353,,,324
b,PHQ-9 stationary null,0.1668972351226283,,,324
b,PHQ-9 stationary null,0.15236362282428226,,,324
b,PHQ-9 stationary null,0.16401760380246413,,,324
b,PHQ-9 stationary null,0.14528200028763233,,,324
b,PHQ-9 stationary null,0.16432554526460974,,,324
b,PHQ-9 stationary null,0.13954276914281605,,,324
b,PHQ-9 stationary null,0.15978522443671084,,,324
b,PHQ-9 stationary null,0.16296233088274456,,,324
b,PHQ-9 stationary null,0.1510783217466217,,,324
b,PHQ-9 stationary null,0.13536586181071375,,,324
b,PHQ-9 stationary null,0.22345804390797158,,,324
b,PHQ-9 stationary null,0.14421202939720537,,,324
b,PHQ-9 stationary null,0.179336651855449,,,324
b,PHQ-9 stationary null,0.18443115557611178,,,324
b,PHQ-9 stationary null,0.14284093616813912,,,324
b,PHQ-9 stationary null,0.13612181142914845,,,324
b,PHQ-9 stationary null,0.2260307579756199,,,324
b,PHQ-9 stationary null,0.10891178293320623,,,324
b,PHQ-9 stationary null,0.15530045575447718,,,324
b,PHQ-9 stationary null,0.1657998501106414,,,324
b,PHQ-9 stationary null,0.17511427344113928,,,324
b,PHQ-9 stationary null,0.14894353765607113,,,324
b,PHQ-9 stationary null,0.1665415032618034,,,324
b,PHQ-9 stationary null,0.2290671170617036,,,324
b,PHQ-9 stationary null,0.15866915070260668,,,324
b,PHQ-9 stationary null,0.1617624987294835,,,324
b,PHQ-9 stationary null,0.18897835456134285,,,324
b,PHQ-9 stationary null,0.15449995805543626,,,324
b,PHQ-9 stationary null,0.19997869550028483,,,324
b,PHQ-9 stationary null,0.18566746550569077,,,324
b,PHQ-9 stationary null,0.19950358959233455,,,324
b,PHQ-9 stationary null,0.1480285826313836,,,324
b,PHQ-9 stationary null,0.1756113692905413,,,324
b,PHQ-9 stationary null,0.17354481696839563,,,324
b,PHQ-9 stationary null,0.13894625476892586,,,324
b,PHQ-9 stationary null,0.17978527775297112,,,324
b,PHQ-9 stationary null,0.19949633029161873,,,324
b,PHQ-9 stationary null,0.18128615288826122,,,324
b,PHQ-9 stationary null,0.0969720947558621,,,324
b,PHQ-9 stationary null,0.24859441702180338,,,324
b,PHQ-9 stationary null,0.15933836351360828,,,324
b,PHQ-9 stationary null,0.17644915440098174,,,324
b,PHQ-9 stationary null,0.1261176507219519,,,324
b,PHQ-9 stationary null,0.20588706845993252,,,324
b,PHQ-9 stationary null,0.21541367583138876,,,324
b,PHQ-9 stationary null,0.1584623561459664,,,324
b,PHQ-9 stationary null,0.16937058767642235,,,324
b,PHQ-9 stationary null,0.18401064680207851,,,324
b,PHQ-9 stationary null,0.20742517844824257,,,324
b,PHQ-9 stationary null,0.15197212129292503,,,324
b,PHQ-9 stationary null,0.14061581310716825,,,324
b,PHQ-9 stationary null,0.22849100431153785,,,324
b,PHQ-9 stationary null,0.1285720473536299,,,324
b,PHQ-9 stationary null,0.16288315794278738,,,324
b,PHQ-9 stationary null,0.1715444112426987,,,324
b,PHQ-9 stationary null,0.18429783976050493,,,324
b,PHQ-9 stationary null,0.20432797641619402,,,324
b,PHQ-9 stationary null,0.19688668983281218,,,324
b,PHQ-9 stationary null,0.19914212029146086,,,324
b,PHQ-9 stationary null,0.1489657960826412,,,324
b,PHQ-9 stationary null,0.16375055243950185,,,324
b,PHQ-9 stationary null,0.18535767789101176,,,324
b,PHQ-9 stationary null,0.17832865396482386,,,324
b,PHQ-9 stationary null,0.19867523017700953,,,324
b,PHQ-9 stationary null,0.20172207103964399,,,324
b,PHQ-9 stationary null,0.23412362662138633,,,324
b,PHQ-9 stationary null,0.18611397807117153,,,324
b,PHQ-9 stationary null,0.13973360626745782,,,324
b,PHQ-9 stationary null,0.17603864293441648,,,324
b,PHQ-9 stationary null,0.16966303021477241,,,324
b,PHQ-9 stationary null,0.17567978177930726,,,324
b,PHQ-9 stationary null,0.202836751195393,,,324
b,PHQ-9 stationary null,0.11476649730385201,,,324
b,PHQ-9 stationary null,0.15512940308242254,,,324
b,PHQ-9 stationary null,0.17184894981559654,,,324
b,PHQ-9 stationary null,0.18840016100637094,,,324
b,PHQ-9 stationary null,0.12987580806610088,,,324
b,PHQ-9 stationary null,0.19164911160824158,,,324
b,PHQ-9 stationary null,0.14661414971081876,,,324
b,PHQ-9 stationary null,0.17955353336919658,,,324
b,PHQ-9 stationary null,0.12160412845353177,,,324
b,PHQ-9 stationary null,0.1882232426335155,,,324
b,PHQ-9 stationary null,0.18616158164826582,,,324
b,PHQ-9 stationary null,0.1665581538558195,,,324
b,PHQ-9 stationary null,0.11161197681434246,,,324
b,PHQ-9 stationary null,0.21986843004261203,,,324
b,PHQ-9 stationary null,0.1904155997783495,,,324
b,PHQ-9 stationary null,0.1671696885576116,,,324
b,PHQ-9 stationary null,0.1711521029413602,,,324
b,PHQ-9 stationary null,0.14823486765309418,,,324
b,PHQ-9 stationary null,0.19179079203517496,,,324
b,PHQ-9 stationary null,0.23582325345722915,,,324
b,PHQ-9 stationary null,0.14210173642118973,,,324
b,PHQ-9 stationary null,0.1561393438874508,,,324
b,PHQ-9 stationary null,0.13905387259806085,,,324
b,PHQ-9 stationary null,0.11796409470562157,,,324
b,PHQ-9 stationary null,0.2112810566112596,,,324
b,PHQ-9 stationary null,0.1594671311881931,,,324
b,PHQ-9 stationary null,0.19808637865642398,,,324
b,PHQ-9 stationary null,0.20280943911898341,,,324
b,PHQ-9 stationary null,0.13707954917747203,,,324
b,PHQ-9 stationary null,0.1508222558333377,,,324
b,PHQ-9 stationary null,0.17380115470050825,,,324
b,PHQ-9 stationary null,0.1897335024915832,,,324
b,PHQ-9 stationary null,0.22117281617633422,,,324
b,PHQ-9 stationary null,0.23123387594641193,,,324
b,PHQ-9 stationary null,0.1838601215921443,,,324
b,PHQ-9 stationary null,0.18355013004327625,,,324
b,PHQ-9 stationary null,0.1724215736758478,,,324
b,PHQ-9 stationary null,0.20884702108291034,,,324
b,PHQ-9 stationary null,0.19325129934844318,,,324
b,PHQ-9 stationary null,0.15957955968963272,,,324
b,PHQ-9 stationary null,0.18181090501547328,,,324
b,PHQ-9 stationary null,0.2204500732277243,,,324
b,PHQ-9 stationary null,0.18135353618554587,,,324
b,PHQ-9 stationary null,0.19746502984644523,,,324
b,PHQ-9 stationary null,0.18270326486031868,,,324
b,PHQ-9 stationary null,0.16087636912505882,,,324
b,PHQ-9 stationary null,0.1942340154424113,,,324
b,PHQ-9 stationary null,0.15583133838520166,,,324
b,PHQ-9 stationary null,0.20690190596847216,,,324
b,PHQ-9 stationary null,0.18331654093798083,,,324
b,PHQ-9 stationary null,0.23193004015538957,,,324
b,PHQ-9 stationary null,0.19125419901899596,,,324
b,PHQ-9 stationary null,0.13545644500276022,,,324
b,PHQ-9 stationary null,0.18637179493832082,,,324
b,PHQ-9 stationary null,0.20829711799101308,,,324
b,PHQ-9 stationary null,0.15211657482261287,,,324
b,PHQ-9 stationary null,0.18420983367828936,,,324
b,PHQ-9 stationary null,0.16888835921503814,,,324
b,PHQ-9 stationary null,0.19714644836216108,,,324
b,PHQ-9 stationary null,0.18794230214002947,,,324
b,PHQ-9 stationary null,0.2301669044231749,,,324
b,PHQ-9 stationary null,0.15415366497027552,,,324
b,PHQ-9 stationary null,0.2058411537177436,,,324
b,PHQ-9 stationary null,0.1606082692756389,,,324
b,PHQ-9 stationary null,0.17268720906965293,,,324
b,PHQ-9 stationary null,0.1469735560671039,,,324
b,PHQ-9 stationary null,0.2305285835191346,,,324
b,PHQ-9 stationary null,0.19084716548352534,,,324
b,PHQ-9 stationary null,0.2660545536123423,,,324
b,PHQ-9 stationary null,0.18932692065768292,,,324
b,PHQ-9 stationary null,0.21648525459994183,,,324
b,PHQ-9 stationary null,0.2056553835491668,,,324
b,PHQ-9 stationary null,0.169743963940556,,,324
b,PHQ-9 stationary null,0.27846947170286523,,,324
b,PHQ-9 stationary null,0.12290361641455001,,,324
b,PHQ-9 stationary null,0.2218104597399385,,,324
b,PHQ-9 stationary null,0.16390279424311713,,,324
b,PHQ-9 stationary null,0.19750126057249043,,,324
b,PHQ-9 stationary null,0.15628742183463942,,,324
b,PHQ-9 stationary null,0.17689714178509208,,,324
b,PHQ-9 stationary null,0.1795353441367106,,,324
b,PHQ-9 stationary null,0.14898699699034215,,,324
b,PHQ-9 stationary null,0.19933579662510612,,,324
b,PHQ-9 stationary null,0.14288362926176043,,,324
b,PHQ-9 stationary null,0.17310752660056883,,,324
b,PHQ-9 stationary null,0.2043336870845726,,,324
b,PHQ-9 stationary null,0.1427621239458845,,,324
b,PHQ-9 stationary null,0.17572938006033748,,,324
b,PHQ-9 stationary null,0.2327864796899485,,,324
b,PHQ-9 stationary null,0.2106570064894413,,,324
b,PHQ-9 stationary null,0.16763644581150133,,,324
b,PHQ-9 stationary null,0.22820539362998915,,,324
b,PHQ-9 stationary null,0.16022400153638372,,,324
b,PHQ-9 stationary null,0.18012812337436307,,,324
b,PHQ-9 stationary null,0.1754415064053663,,,324
b,PHQ-9 stationary null,0.2331243648358781,,,324
b,PHQ-9 stationary null,0.16303444393104058,,,324
b,PHQ-9 stationary null,0.23856450264854284,,,324
b,PHQ-9 stationary null,0.141862699749985,,,324
b,PHQ-9 stationary null,0.13704183064374015,,,324
b,PHQ-9 stationary null,0.18701142571631002,,,324
b,PHQ-9 stationary null,0.1694467706902002,,,324
b,PHQ-9 stationary null,0.17774718481525284,,,324
b,PHQ-9 stationary null,0.16321553324844418,,,324
b,PHQ-9 stationary null,0.18268431126401943,,,324
b,PHQ-9 stationary null,0.12586312275578604,,,324
b,PHQ-9 stationary null,0.1736668061918285,,,324
b,PHQ-9 stationary null,0.1228398338549732,,,324
b,PHQ-9 stationary null,0.19129288300546374,,,324
b,PHQ-9 stationary null,0.14679591384470514,,,324
b,PHQ-9 stationary null,0.2016624610514987,,,324
b,PHQ-9 stationary null,0.19829572208846713,,,324
b,PHQ-9 stationary null,0.2098838263507729,,,324
b,PHQ-9 stationary null,0.20110576009272052,,,324
b,PHQ-9 stationary null,0.21846764791757228,,,324
b,PHQ-9 stationary null,0.1326620332644959,,,324
b,PHQ-9 stationary null,0.20800205733964014,,,324
b,PHQ-9 stationary null,0.16038238911624197,,,324
b,PHQ-9 stationary null,0.2301040335588779,,,324
b,PHQ-9 stationary null,0.20196742255351807,,,324
b,PHQ-9 stationary null,0.102251639203922,,,324
b,PHQ-9 stationary null,0.11113775632427196,,,324
b,PHQ-9 stationary null,0.16028047398005252,,,324
b,PHQ-9 stationary null,0.17408195973399143,,,324
b,PHQ-9 stationary null,0.2016618592740225,,,324
b,PHQ-9 stationary null,0.23995256131903372,,,324
b,PHQ-9 stationary null,0.20856164538566233,,,324
b,PHQ-9 stationary null,0.15416389864543878,,,324
b,PHQ-9 stationary null,0.15038156107695175,,,324
b,PHQ-9 stationary null,0.2059569138352601,,,324
b,PHQ-9 stationary null,0.19271235612945592,,,324
b,PHQ-9 stationary null,0.1764609501523513,,,324
b,PHQ-9 stationary null,0.15967918565098055,,,324
b,PHQ-9 stationary null,0.17793727950620936,,,324
b,PHQ-9 stationary null,0.22170187201212968,,,324
b,PHQ-9 stationary null,0.11112674157348075,,,324
b,PHQ-9 stationary null,0.13778130836645933,,,324
b,PHQ-9 stationary null,0.13873999987364485,,,324
b,PHQ-9 stationary null,0.19391568710730167,,,324
b,PHQ-9 stationary null,0.16583651801820343,,,324
b,PHQ-9 stationary null,0.16866762904993607,,,324
b,PHQ-9 stationary null,0.17262143760468035,,,324
b,PHQ-9 stationary null,0.16648143239040797,,,324
b,PHQ-9 stationary null,0.17741162932089918,,,324
b,PHQ-9 stationary null,0.1999446786368739,,,324
b,PHQ-9 stationary null,0.17612322303305106,,,324
b,PHQ-9 stationary null,0.18751987583871807,,,324
b,PHQ-9 stationary null,0.1299619341951432,,,324
b,PHQ-9 stationary null,0.14567996659809945,,,324
b,PHQ-9 stationary null,0.17546170189801924,,,324
b,PHQ-9 stationary null,0.19118522674668223,,,324
b,PHQ-9 stationary null,0.14117182745197016,,,324
b,PHQ-9 stationary null,0.2819935712689265,,,324
b,PHQ-9 stationary null,0.1968350852692939,,,324
b,PHQ-9 stationary null,0.18384893338589597,,,324
b,PHQ-9 stationary null,0.19637852218029103,,,324
b,PHQ-9 stationary null,0.14047349721351818,,,324
b,PHQ-9 stationary null,0.19421919710559166,,,324
b,PHQ-9 stationary null,0.20814267327704128,,,324
b,PHQ-9 stationary null,0.1876131675185439,,,324
b,PHQ-9 stationary null,0.16505351134576196,,,324
b,PHQ-9 stationary null,0.18895995099366975,,,324
b,PHQ-9 stationary null,0.14522896310153907,,,324
b,PHQ-9 stationary null,0.1776914911003259,,,324
b,PHQ-9 stationary null,0.19969093938394702,,,324
b,PHQ-9 stationary null,0.1220415327409922,,,324
b,PHQ-9 stationary null,0.1516173053566583,,,324
b,PHQ-9 stationary null,0.16966580258625766,,,324
b,PHQ-9 stationary null,0.17823392958242973,,,324
b,PHQ-9 stationary null,0.23163919779709086,,,324
b,PHQ-9 stationary null,0.2439128377606476,,,324
b,PHQ-9 stationary null,0.20666319149718942,,,324
b,PHQ-9 stationary null,0.13549160578908553,,,324
b,PHQ-9 stationary null,0.15676154398524664,,,324
b,PHQ-9 stationary null,0.19179887007132426,,,324
b,PHQ-9 stationary null,0.28809056398468086,,,324
b,PHQ-9 stationary null,0.12843340798022976,,,324
b,PHQ-9 stationary null,0.23350426989986728,,,324
b,PHQ-9 stationary null,0.19013504934889472,,,324
b,PHQ-9 stationary null,0.2401870117048826,,,324
b,PHQ-9 stationary null,0.20049353477204782,,,324
b,PHQ-9 stationary null,0.1665553141458249,,,324
b,PHQ-9 stationary null,0.13438609818160285,,,324
b,PHQ-9 stationary null,0.14421823837882558,,,324
b,PHQ-9 stationary null,0.17992300338074702,,,324
b,PHQ-9 stationary null,0.19835557548502972,,,324
b,PHQ-9 stationary null,0.16607094956431911,,,324
b,PHQ-9 stationary null,0.17302458872404855,,,324
b,PHQ-9 stationary null,0.2052724761707408,,,324
b,PHQ-9 stationary null,0.18520478111031402,,,324
b,PHQ-9 stationary null,0.1381792583432424,,,324
b,PHQ-9 stationary null,0.19242432044671426,,,324
b,PHQ-9 stationary null,0.21635243282833977,,,324
b,PHQ-9 stationary null,0.15227060682511165,,,324
b,PHQ-9 stationary null,0.13473343553302558,,,324
b,PHQ-9 stationary null,0.1792130366549336,,,324
b,PHQ-9 stationary null,0.12661328099778243,,,324
b,PHQ-9 stationary null,0.17106630901792877,,,324
b,PHQ-9 stationary null,0.17322211866946077,,,324
b,PHQ-9 stationary null,0.18946462845081888,,,324
b,PHQ-9 stationary null,0.20730795391450815,,,324
b,PHQ-9 stationary null,0.13464444966664177,,,324
b,PHQ-9 stationary null,0.1691396762047864,,,324
b,PHQ-9 stationary null,0.17064344569155393,,,324
b,PHQ-9 stationary null,0.14937752307803287,,,324
b,PHQ-9 stationary null,0.1844030150721441,,,324
b,PHQ-9 stationary null,0.17275282223919888,,,324
b,PHQ-9 stationary null,0.21475015706905148,,,324
b,PHQ-9 stationary null,0.17021600631978503,,,324
b,PHQ-9 stationary null,0.13230113438429889,,,324
b,PHQ-9 stationary null,0.1893547100132455,,,324
b,PHQ-9 stationary null,0.15859942288008444,,,324
b,PHQ-9 stationary null,0.18424414018706028,,,324
b,PHQ-9 stationary null,0.16649532434670541,,,324
b,PHQ-9 stationary null,0.19768301317669743,,,324
b,PHQ-9 stationary null,0.1341774495404978,,,324
b,PHQ-9 stationary null,0.19869747928769838,,,324
b,PHQ-9 stationary null,0.10973150874579754,,,324
b,PHQ-9 stationary null,0.1829171951263863,,,324
b,PHQ-9 stationary null,0.2280613224293512,,,324
b,PHQ-9 stationary null,0.16238429052531414,,,324
b,PHQ-9 stationary null,0.14590394707367413,,,324
b,PHQ-9 stationary null,0.17724709144549852,,,324
b,PHQ-9 stationary null,0.14215180878047598,,,324
b,PHQ-9 stationary null,0.1574355598326869,,,324
b,PHQ-9 stationary null,0.19628080911873558,,,324
b,PHQ-9 stationary null,0.17273666604864624,,,324
b,PHQ-9 stationary null,0.18504239872418765,,,324
b,PHQ-9 stationary null,0.13373674541407585,,,324
b,PHQ-9 stationary null,0.14244133728292294,,,324
b,PHQ-9 stationary null,0.17752551506053946,,,324
b,PHQ-9 stationary null,0.20373924744097216,,,324
b,PHQ-9 stationary null,0.23977916748786676,,,324
b,PHQ-9 stationary null,0.14897802516654793,,,324
b,PHQ-9 stationary null,0.18326929132553502,,,324
b,PHQ-9 stationary null,0.18445111237906517,,,324
b,PHQ-9 stationary null,0.2017848852407418,,,324
b,PHQ-9 stationary null,0.1637585726437997,,,324
b,PHQ-9 stationary null,0.17323219425760958,,,324
b,PHQ-9 stationary null,0.17971161675737882,,,324
b,PHQ-9 stationary null,0.19820233773430035,,,324
b,PHQ-9 stationary null,0.20944099891649928,,,324
b,PHQ-9 stationary null,0.1613950253296411,,,324
b,PHQ-9 stationary null,0.1719776330666591,,,324
b,PHQ-9 stationary null,0.17278802625544604,,,324
b,PHQ-9 stationary null,0.18273024531991044,,,324
b,PHQ-9 stationary null,0.22198269455068848,,,324
b,PHQ-9 stationary null,0.15632313422856697,,,324
b,PHQ-9 stationary null,0.21738892601906562,,,324
b,PHQ-9 stationary null,0.14877707716169153,,,324
b,PHQ-9 stationary null,0.16901045596807462,,,324
b,PHQ-9 stationary null,0.1673757211416774,,,324
b,PHQ-9 stationary null,0.15494245763609318,,,324
b,PHQ-9 stationary null,0.19352469804653202,,,324
b,PHQ-9 stationary null,0.14914611386939064,,,324
b,PHQ-9 stationary null,0.1604647058757266,,,324
b,PHQ-9 stationary null,0.16803747001851024,,,324
b,PHQ-9 stationary null,0.20879222191727698,,,324
b,PHQ-9 stationary null,0.1509474163130483,,,324
b,PHQ-9 stationary null,0.19712606967974133,,,324
b,PHQ-9 stationary null,0.1287622807521625,,,324
b,PHQ-9 stationary null,0.187312344516828,,,324
b,PHQ-9 stationary null,0.16053387936500446,,,324
b,PHQ-9 stationary null,0.14360062006720647,,,324
b,PHQ-9 stationary null,0.13388877871892607,,,324
b,PHQ-9 stationary null,0.16411361726372078,,,324
b,PHQ-9 stationary null,0.21805275133875976,,,324
b,PHQ-9 stationary null,0.21650865811246583,,,324
b,PHQ-9 stationary null,0.1987016835409314,,,324
b,PHQ-9 stationary null,0.2101325442526872,,,324
b,PHQ-9 stationary null,0.1632763583695209,,,324
b,PHQ-9 stationary null,0.14450900167990674,,,324
b,PHQ-9 stationary null,0.14911327322707235,,,324
b,PHQ-9 stationary null,0.1323062720860627,,,324
b,PHQ-9 stationary null,0.1695763428440979,,,324
b,PHQ-9 stationary null,0.20118468240769427,,,324
b,PHQ-9 stationary null,0.16507861951300581,,,324
b,PHQ-9 stationary null,0.14705744289738978,,,324
b,PHQ-9 stationary null,0.18836522034079928,,,324
b,PHQ-9 stationary null,0.18327460037441062,,,324
b,PHQ-9 stationary null,0.16669716729624606,,,324
b,PHQ-9 stationary null,0.18874299246544948,,,324
b,PHQ-9 stationary null,0.1894288952410365,,,324
b,PHQ-9 stationary null,0.17283514167916772,,,324
b,PHQ-9 stationary null,0.16320384179144554,,,324
b,PHQ-9 stationary null,0.1275691246252623,,,324
b,PHQ-9 stationary null,0.15265140818337758,,,324
b,PHQ-9 stationary null,0.15259670242970003,,,324
b,PHQ-9 stationary null,0.23844404470561228,,,324
b,PHQ-9 stationary null,0.1830736853801085,,,324
b,PHQ-9 stationary null,0.1590201482281163,,,324
b,PHQ-9 stationary null,0.2046301460825473,,,324
b,PHQ-9 stationary null,0.18364675409387776,,,324
b,PHQ-9 stationary null,0.19152400311773263,,,324
b,PHQ-9 stationary null,0.14278068610939001,,,324
b,PHQ-9 stationary null,0.1800836973054045,,,324
b,PHQ-9 stationary null,0.1523184685124588,,,324
b,PHQ-9 stationary null,0.1589717963522638,,,324
b,PHQ-9 stationary null,0.17898355094042132,,,324
b,PHQ-9 stationary null,0.16102932780883703,,,324
b,PHQ-9 stationary null,0.17009714807636217,,,324
b,PHQ-9 stationary null,0.18808243972807556,,,324
b,PHQ-9 stationary null,0.158497112673764,,,324
b,PHQ-9 stationary null,0.16496663734287095,,,324
b,PHQ-9 stationary null,0.15598481549695237,,,324
b,PHQ-9 stationary null,0.24923564606968995,,,324
b,PHQ-9 stationary null,0.155480008324941,,,324
b,PHQ-9 stationary null,0.15896522613398525,,,324
b,PHQ-9 stationary null,0.1604680095026606,,,324
b,PHQ-9 stationary null,0.2184182129733825,,,324
b,PHQ-9 stationary null,0.1820247727381899,,,324
b,PHQ-9 stationary null,0.18996975843937255,,,324
b,PHQ-9 stationary null,0.1955452149847287,,,324
b,PHQ-9 stationary null,0.20495298403312345,,,324
b,PHQ-9 stationary null,0.17230632470582752,,,324
b,PHQ-9 stationary null,0.16951570486275755,,,324
b,PHQ-9 stationary null,0.13906648521710155,,,324
b,PHQ-9 stationary null,0.13530397286899248,,,324
b,PHQ-9 stationary null,0.21403893751304545,,,324
b,PHQ-9 stationary null,0.16121681615388464,,,324
b,PHQ-9 stationary null,0.17526186570727298,,,324
b,PHQ-9 stationary null,0.0950748510695625,,,324
b,PHQ-9 stationary null,0.18835241593785956,,,324
b,PHQ-9 stationary null,0.18199455751037572,,,324
b,PHQ-9 stationary null,0.13835232373324638,,,324
b,PHQ-9 stationary null,0.15983431500052958,,,324
b,PHQ-9 stationary null,0.15708246641264811,,,324
b,PHQ-9 stationary null,0.19226302096380773,,,324
b,PHQ-9 stationary null,0.1659863792011815,,,324
b,PHQ-9 stationary null,0.21434945197575522,,,324
b,PHQ-9 stationary null,0.1930915689701831,,,324
b,PHQ-9 stationary null,0.18141809122130206,,,324
b,PHQ-9 stationary null,0.16352914460150803,,,324
b,PHQ-9 stationary null,0.1672813590507469,,,324
b,PHQ-9 stationary null,0.2088813184750275,,,324
b,PHQ-9 stationary null,0.20932986217738514,,,324
b,PHQ-9 stationary null,0.1527543438848073,,,324
b,PHQ-9 stationary null,0.18604386654424543,,,324
b,PHQ-9 stationary null,0.21278865431829022,,,324
b,PHQ-9 stationary null,0.19941089565186104,,,324
b,PHQ-9 stationary null,0.14243549526202634,,,324
b,PHQ-9 stationary null,0.14033279833549092,,,324
b,PHQ-9 stationary null,0.21989138957617976,,,324
b,PHQ-9 stationary null,0.13672085948657167,,,324
b,PHQ-9 stationary null,0.19075265128018146,,,324
b,PHQ-9 stationary null,0.14156977910524934,,,324
b,PHQ-9 stationary null,0.14531624840906923,,,324
b,PHQ-9 stationary null,0.16288257699193665,,,324
b,PHQ-9 stationary null,0.1673477262416685,,,324
b,PHQ-9 stationary null,0.16346839695780066,,,324
b,PHQ-9 stationary null,0.16449121982548018,,,324
b,PHQ-9 stationary null,0.1733117044959632,,,324
b,PHQ-9 stationary null,0.15956800935416762,,,324
b,PHQ-9 stationary null,0.1783029649099001,,,324
b,PHQ-9 stationary null,0.16789576311753726,,,324
b,PHQ-9 stationary null,0.16902670152697988,,,324
b,PHQ-9 stationary null,0.19446023486531078,,,324
b,PHQ-9 stationary null,0.18412555550956744,,,324
b,PHQ-9 stationary null,0.2352133838842174,,,324
b,PHQ-9 stationary null,0.23353450453570493,,,324
b,PHQ-9 stationary null,0.14245515898695688,,,324
b,PHQ-9 stationary null,0.16568300579560116,,,324
b,PHQ-9 stationary null,0.18093597769967745,,,324
b,PHQ-9 stationary null,0.1439014826414269,,,324
b,PHQ-9 stationary null,0.19419611527574623,,,324
b,PHQ-9 stationary null,0.21190759848584725,,,324
b,PHQ-9 stationary null,0.19188365534171653,,,324
b,PHQ-9 stationary null,0.18264959029183778,,,324
b,PHQ-9 stationary null,0.18839581280528583,,,324
b,PHQ-9 stationary null,0.12634085671837644,,,324
b,PHQ-9 stationary null,0.1734675794471364,,,324
b,PHQ-9 stationary null,0.1466848965765115,,,324
b,PHQ-9 stationary null,0.15167748146896562,,,324
b,PHQ-9 stationary null,0.18069507779359495,,,324
b,PHQ-9 stationary null,0.13634736721846094,,,324
b,PHQ-9 stationary null,0.21564496390382662,,,324
b,PHQ-9 stationary null,0.15750798976218033,,,324
b,PHQ-9 stationary null,0.16074355372732024,,,324
b,PHQ-9 stationary null,0.14432141040496216,,,324
b,PHQ-9 stationary null,0.1299690049692245,,,324
b,PHQ-9 stationary null,0.1713708860952865,,,324
b,PHQ-9 stationary null,0.19454261671932713,,,324
b,PHQ-9 stationary null,0.18528822401056877,,,324
b,PHQ-9 stationary null,0.23675916448960446,,,324
b,PHQ-9 stationary null,0.16860071865527637,,,324
b,PHQ-9 stationary null,0.17383796311321068,,,324
b,PHQ-9 stationary null,0.16462335208804507,,,324
b,PHQ-9 stationary null,0.17094773437349767,,,324
b,PHQ-9 stationary null,0.18555849292110926,,,324
b,PHQ-9 stationary null,0.23417650689934064,,,324
b,PHQ-9 stationary null,0.20126348211286418,,,324
b,PHQ-9 stationary null,0.1290021464677824,,,324
b,PHQ-9 stationary null,0.11610881903822419,,,324
b,PHQ-9 stationary null,0.21823196065374004,,,324
b,PHQ-9 stationary null,0.25540523526088016,,,324
b,PHQ-9 stationary null,0.15514800618673127,,,324
b,PHQ-9 stationary null,0.16474827836251174,,,324
b,PHQ-9 stationary null,0.1397391669910417,,,324
b,PHQ-9 stationary null,0.1741792619836731,,,324
b,PHQ-9 stationary null,0.14343387197874566,,,324
b,PHQ-9 stationary null,0.17372249398466455,,,324
b,PHQ-9 stationary null,0.22569090827192895,,,324
b,PHQ-9 stationary null,0.1849181988017936,,,324
b,PHQ-9 stationary null,0.17109955760724882,,,324
b,PHQ-9 stationary null,0.15938345896652772,,,324
b,PHQ-9 stationary null,0.11591760101345266,,,324
b,PHQ-9 stationary null,0.1908876536626538,,,324
b,PHQ-9 stationary null,0.15452331942730738,,,324
b,PHQ-9 stationary null,0.16510955443761127,,,324
b,PHQ-9 stationary null,0.1599994771034491,,,324
b,PHQ-9 stationary null,0.22939881016630606,,,324
b,PHQ-9 stationary null,0.17694057372259778,,,324
b,PHQ-9 stationary null,0.18404062006094057,,,324
b,PHQ-9 stationary null,0.18079387761893995,,,324
b,PHQ-9 stationary null,0.1463657135182564,,,324
b,PHQ-9 stationary null,0.1316268616805203,,,324
b,PHQ-9 stationary null,0.1625316298922188,,,324
b,PHQ-9 stationary null,0.1625624113521415,,,324
b,PHQ-9 stationary null,0.16522319429306062,,,324
b,PHQ-9 stationary null,0.1904868262730499,,,324
b,PHQ-9 stationary null,0.1474457863251306,,,324
b,PHQ-9 stationary null,0.21613654948979683,,,324
b,PHQ-9 stationary null,0.15158012492784168,,,324
b,PHQ-9 stationary null,0.18876823268057416,,,324
b,PHQ-9 stationary null,0.16212442040223193,,,324
b,PHQ-9 stationary null,0.11539366119931689,,,324
b,PHQ-9 stationary null,0.18340164509871318,,,324
b,PHQ-9 stationary null,0.2309157642651599,,,324
b,PHQ-9 stationary null,0.15815771690197455,,,324
b,PHQ-9 stationary null,0.20558130125503118,,,324
b,PHQ-9 stationary null,0.14296354445133086,,,324
b,PHQ-9 stationary null,0.14963851622293875,,,324
b,PHQ-9 stationary null,0.16964089469531823,,,324
b,PHQ-9 stationary null,0.1910209601611522,,,324
b,PHQ-9 stationary null,0.22774292143145244,,,324
b,PHQ-9 stationary null,0.19929784112869242,,,324
b,PHQ-9 stationary null,0.16489732398955437,,,324
b,PHQ-9 stationary null,0.16245181789827448,,,324
b,PHQ-9 stationary null,0.16360353735589236,,,324
b,PHQ-9 stationary null,0.17923788444826727,,,324
b,PHQ-9 stationary null,0.16351241566143557,,,324
b,PHQ-9 stationary null,0.1547674324609139,,,324
b,PHQ-9 stationary null,0.18255270852042146,,,324
b,PHQ-9 stationary null,0.12935326033693453,,,324
b,PHQ-9 stationary null,0.15630189980769746,,,324
b,PHQ-9 stationary null,0.12556965168895023,,,324
b,PHQ-9 stationary null,0.14371464829916525,,,324
b,PHQ-9 stationary null,0.15530745571006402,,,324
b,PHQ-9 stationary null,0.139399876105401,,,324
b,PHQ-9 stationary null,0.14507310854533692,,,324
b,PHQ-9 stationary null,0.15772248571097108,,,324
b,PHQ-9 stationary null,0.17965908439330383,,,324
b,PHQ-9 stationary null,0.15485097102924758,,,324
b,PHQ-9 stationary null,0.1686776716787237,,,324
b,PHQ-9 stationary null,0.09839883161711278,,,324
b,PHQ-9 stationary null,0.14934368942516704,,,324
b,PHQ-9 stationary null,0.22063667077191468,,,324
b,PHQ-9 stationary null,0.2198144754649734,,,324
b,PHQ-9 stationary null,0.14848290088994825,,,324
b,PHQ-9 stationary null,0.19807800465020023,,,324
b,PHQ-9 stationary null,0.2112201192530936,,,324
b,PHQ-9 stationary null,0.2474087127492313,,,324
b,PHQ-9 stationary null,0.1898937775543151,,,324
b,PHQ-9 stationary null,0.23938782342697518,,,324
b,PHQ-9 stationary null,0.1855604142094228,,,324
b,PHQ-9 stationary null,0.1525722173214062,,,324
b,PHQ-9 stationary null,0.14216428563035263,,,324
b,PHQ-9 stationary null,0.18414695241640924,,,324
b,PHQ-9 stationary null,0.20198183226829847,,,324
b,PHQ-9 stationary null,0.22280778593468184,,,324
b,PHQ-9 stationary null,0.1474009268974603,,,324
b,PHQ-9 stationary null,0.20362279779855633,,,324
b,PHQ-9 stationary null,0.1510292933480851,,,324
b,PHQ-9 stationary null,0.13312538709795377,,,324
b,PHQ-9 stationary null,0.14373812624080617,,,324
b,PHQ-9 stationary null,0.12926762117059257,,,324
b,PHQ-9 stationary null,0.20722738495415594,,,324
b,PHQ-9 stationary null,0.17868432154532574,,,324
b,PHQ-9 stationary null,0.15915126531328702,,,324
b,PHQ-9 stationary null,0.1672106055108986,,,324
b,PHQ-9 stationary null,0.21460299604669,,,324
b,PHQ-9 stationary null,0.16227965100580155,,,324
b,PHQ-9 stationary null,0.15225520552010768,,,324
b,PHQ-9 stationary null,0.2138577146159021,,,324
b,PHQ-9 stationary null,0.19307165382644792,,,324
b,PHQ-9 stationary null,0.13616658742165902,,,324
b,PHQ-9 stationary null,0.1637441191275007,,,324
b,PHQ-9 stationary null,0.20728050137491705,,,324
b,PHQ-9 stationary null,0.14237781685868975,,,324
b,PHQ-9 stationary null,0.15663013706233792,,,324
b,PHQ-9 stationary null,0.17677757309135117,,,324
b,PHQ-9 stationary null,0.23968757181203967,,,324
b,PHQ-9 stationary null,0.15798978295124483,,,324
b,PHQ-9 stationary null,0.13055067380541888,,,324
b,PHQ-9 stationary null,0.19019710857467859,,,324
b,PHQ-9 stationary null,0.18469258939147526,,,324
b,PHQ-9 stationary null,0.16641063513183588,,,324
b,PHQ-9 stationary null,0.17253077645916753,,,324
b,PHQ-9 stationary null,0.20530016338936274,,,324
b,PHQ-9 stationary null,0.23066065975582858,,,324
b,PHQ-9 stationary null,0.1697450334047692,,,324
b,PHQ-9 stationary null,0.1661623491116673,,,324
b,PHQ-9 stationary null,0.19841152835514625,,,324
b,PHQ-9 stationary null,0.22227171523520117,,,324
b,PHQ-9 stationary null,0.2051656619341076,,,324
b,PHQ-9 stationary null,0.17125435450867546,,,324
b,PHQ-9 stationary null,0.15487802172924214,,,324
b,PHQ-9 stationary null,0.14376833363074545,,,324
b,PHQ-9 stationary null,0.17912302925525117,,,324
b,PHQ-9 stationary null,0.1371546442831897,,,324
b,PHQ-9 stationary null,0.16087993242293772,,,324
b,PHQ-9 stationary null,0.21846807065938123,,,324
b,PHQ-9 stationary null,0.20352956502246855,,,324
b,PHQ-9 stationary null,0.17767763905656048,,,324
b,PHQ-9 stationary null,0.10574962221274065,,,324
b,PHQ-9 stationary null,0.1940550536545647,,,324
b,PHQ-9 stationary null,0.19148235561356577,,,324
b,PHQ-9 stationary null,0.1899603846848253,,,324
b,PHQ-9 stationary null,0.17996069796144384,,,324
b,PHQ-9 stationary null,0.20759845482787548,,,324
b,PHQ-9 stationary null,0.15592805257414047,,,324
b,PHQ-9 stationary null,0.1474727539578025,,,324
b,PHQ-9 stationary null,0.17746851830151988,,,324
b,PHQ-9 stationary null,0.1774568531813444,,,324
b,PHQ-9 stationary null,0.142410572949813,,,324
b,PHQ-9 stationary null,0.13258239876743477,,,324
b,PHQ-9 stationary null,0.22283121112054774,,,324
b,PHQ-9 stationary null,0.11316760112806307,,,324
b,PHQ-9 stationary null,0.21588929628106038,,,324
b,PHQ-9 stationary null,0.12253897347602613,,,324
b,PHQ-9 stationary null,0.1567339613786573,,,324
b,PHQ-9 stationary null,0.19743369982926437,,,324
b,PHQ-9 stationary null,0.24660983515237786,,,324
b,PHQ-9 stationary null,0.10664097956034997,,,324
b,PHQ-9 stationary null,0.18509310576716384,,,324
b,PHQ-9 stationary null,0.16632865615838002,,,324
b,PHQ-9 stationary null,0.17900936958408178,,,324
b,PHQ-9 stationary null,0.15539403546816044,,,324
b,PHQ-9 stationary null,0.18513286486736058,,,324
b,PHQ-9 stationary null,0.15590912147587896,,,324
b,PHQ-9 stationary null,0.1650747640748784,,,324
b,PHQ-9 stationary null,0.2255551305990778,,,324
b,PHQ-9 stationary null,0.16053433306486287,,,324
b,PHQ-9 stationary null,0.16055319323430492,,,324
b,PHQ-9 stationary null,0.24362540039382896,,,324
b,PHQ-9 stationary null,0.19321578726110555,,,324
b,PHQ-9 stationary null,0.15184798747834266,,,324
b,PHQ-9 stationary null,0.16565264823755596,,,324
b,PHQ-9 stationary null,0.15741877601129184,,,324
b,PHQ-9 stationary null,0.19771251197482162,,,324
b,PHQ-9 stationary null,0.15529949098643656,,,324
b,PHQ-9 stationary null,0.15039772203121954,,,324
b,PHQ-9 stationary null,0.137236003389064,,,324
b,PHQ-9 stationary null,0.18728740910919847,,,324
b,PHQ-9 stationary null,0.16451872756390554,,,324
b,PHQ-9 stationary null,0.19508511232173417,,,324
b,PHQ-9 stationary null,0.18616917522768914,,,324
b,PHQ-9 stationary null,0.15891210828048455,,,324
b,PHQ-9 stationary null,0.16113478879996704,,,324
b,PHQ-9 stationary null,0.19353572724557952,,,324
b,PHQ-9 stationary null,0.21850248792772756,,,324
b,PHQ-9 stationary null,0.1752324966661283,,,324
b,PHQ-9 stationary null,0.1809609660179006,,,324
b,PHQ-9 stationary null,0.16438947032072987,,,324
b,PHQ-9 stationary null,0.19472203959619627,,,324
b,PHQ-9 stationary null,0.25468668786458215,,,324
b,PHQ-9 stationary null,0.18953255903190533,,,324
b,PHQ-9 stationary null,0.1607335280366969,,,324
b,PHQ-9 stationary null,0.195285921614809,,,324
b,PHQ-9 stationary null,0.13665558767330907,,,324
b,PHQ-9 stationary null,0.1497926096523275,,,324
b,PHQ-9 stationary null,0.18609960848673288,,,324
b,PHQ-9 stationary null,0.19592408809502296,,,324
b,PHQ-9 stationary null,0.1652564149990082,,,324
b,PHQ-9 stationary null,0.2513145346161142,,,324
b,PHQ-9 stationary null,0.183602134926624,,,324
b,PHQ-9 stationary null,0.158520237173592,,,324
b,PHQ-9 stationary null,0.24275469716756143,,,324
b,PHQ-9 stationary null,0.21888673272749323,,,324
b,PHQ-9 stationary null,0.167056108366733,,,324
b,PHQ-9 stationary null,0.1402885809053576,,,324
b,PHQ-9 stationary null,0.13024721328850267,,,324
b,PHQ-9 stationary null,0.18612681262880487,,,324
b,PHQ-9 stationary null,0.1772883152005573,,,324
b,PHQ-9 stationary null,0.18532329167040254,,,324
b,PHQ-9 stationary null,0.1318284832148003,,,324
b,PHQ-9 stationary null,0.24206204586391103,,,324
b,PHQ-9 stationary null,0.1480776839021975,,,324
b,PHQ-9 stationary null,0.1911921792041241,,,324
b,PHQ-9 stationary null,0.1074264246275522,,,324
b,PHQ-9 stationary null,0.1571664334698338,,,324
b,PHQ-9 stationary null,0.2293374907966299,,,324
b,PHQ-9 stationary null,0.17645452661984148,,,324
b,PHQ-9 stationary null,0.16770383575378014,,,324
b,PHQ-9 stationary null,0.11804938741256121,,,324
b,PHQ-9 stationary null,0.19988185902255431,,,324
b,PHQ-9 stationary null,0.16184780127978055,,,324
b,PHQ-9 stationary null,0.14242156244849896,,,324
b,PHQ-9 stationary null,0.17371082077950376,,,324
b,PHQ-9 stationary null,0.15982250115680355,,,324
b,PHQ-9 stationary null,0.12060129965167941,,,324
b,PHQ-9 stationary null,0.18750125921255434,,,324
b,PHQ-9 stationary null,0.1867068940888879,,,324
b,PHQ-9 stationary null,0.14320365627912895,,,324
b,PHQ-9 stationary null,0.17285728946352016,,,324
b,PHQ-9 stationary null,0.1548592775953677,,,324
b,PHQ-9 stationary null,0.11749210200065707,,,324
b,PHQ-9 stationary null,0.1956380714294879,,,324
b,PHQ-9 stationary null,0.19072621865407013,,,324
b,PHQ-9 stationary null,0.16822256625651746,,,324
b,PHQ-9 stationary null,0.21452848000116473,,,324
b,PHQ-9 stationary null,0.17297731702679048,,,324
b,PHQ-9 stationary null,0.13062979659490234,,,324
b,PHQ-9 stationary null,0.1743440748747232,,,324
b,PHQ-9 stationary null,0.16870458575664526,,,324
b,PHQ-9 stationary null,0.12200602535313308,,,324
b,PHQ-9 stationary null,0.1647588612387699,,,324
b,PHQ-9 stationary null,0.17821026910934049,,,324
b,PHQ-9 stationary null,0.16752746070800806,,,324
b,PHQ-9 stationary null,0.13264359636879694,,,324
b,PHQ-9 stationary null,0.13117287627409518,,,324
b,PHQ-9 stationary null,0.1904514074057179,,,324
b,PHQ-9 stationary null,0.17719095570987217,,,324
b,PHQ-9 stationary null,0.20858118290663427,,,324
b,PHQ-9 stationary null,0.19100477616151948,,,324
b,PHQ-9 stationary null,0.1739415076176242,,,324
b,PHQ-9 stationary null,0.15904419541504738,,,324
b,PHQ-9 stationary null,0.19357749157690218,,,324
b,PHQ-9 stationary null,0.1501173854726265,,,324
b,PHQ-9 stationary null,0.1727615394411908,,,324
b,PHQ-9 stationary null,0.14679394500151605,,,324
b,PHQ-9 stationary null,0.17145908984161273,,,324
b,PHQ-9 stationary null,0.21512178688415207,,,324
b,PHQ-9 stationary null,0.15697244147534442,,,324
b,PHQ-9 stationary null,0.20124488140019525,,,324
b,PHQ-9 stationary null,0.20533845416626345,,,324
b,PHQ-9 stationary null,0.20517910089534885,,,324
b,PHQ-9 stationary null,0.16834906803900446,,,324
b,PHQ-9 stationary null,0.14943202066361055,,,324
b,PHQ-9 stationary null,0.173107803104509,,,324
b,PHQ-9 stationary null,0.18778185180055118,,,324
b,PHQ-9 stationary null,0.1800782903804822,,,324
b,PHQ-9 stationary null,0.18840149503972817,,,324
b,PHQ-9 stationary null,0.17358081814654977,,,324
b,PHQ-9 stationary null,0.18255475752988592,,,324
b,PHQ-9 stationary null,0.13083938946026616,,,324
b,PHQ-9 stationary null,0.14458243944693897,,,324
b,PHQ-9 stationary null,0.14261853906260538,,,324
b,PHQ-9 stationary null,0.12491490781846362,,,324
b,PHQ-9 stationary null,0.23644190115474012,,,324
b,PHQ-9 stationary null,0.19460894916177102,,,324
b,PHQ-9 stationary null,0.18013138344222246,,,324
b,PHQ-9 stationary null,0.21595916556684508,,,324
b,PHQ-9 stationary null,0.20454846761086304,,,324
b,PHQ-9 stationary null,0.12957190708449765,,,324
b,PHQ-9 stationary null,0.20036451079173576,,,324
b,PHQ-9 stationary null,0.1703337688459645,,,324
b,PHQ-9 stationary null,0.16339778324927112,,,324
b,PHQ-9 stationary null,0.15153246994326436,,,324
b,PHQ-9 stationary null,0.19343350038712753,,,324
b,PHQ-9 stationary null,0.2189934271341463,,,324
b,PHQ-9 stationary null,0.24741644214696581,,,324
b,PHQ-9 stationary null,0.15839524780300848,,,324
b,PHQ-9 stationary null,0.15158944090527698,,,324
b,PHQ-9 stationary null,0.18322451937145717,,,324
b,PHQ-9 stationary null,0.16582069000161706,,,324
b,PHQ-9 stationary null,0.13333968512911923,,,324
b,PHQ-9 stationary null,0.22281588025540006,,,324
b,PHQ-9 stationary null,0.16534075969239054,,,324
b,PHQ-9 stationary null,0.20123501588663895,,,324
b,PHQ-9 stationary null,0.14863780686700592,,,324
b,PHQ-9 stationary null,0.18834599133109137,,,324
b,PHQ-9 stationary null,0.15821452701369623,,,324
b,PHQ-9 stationary null,0.137781978585976,,,324
b,PHQ-9 stationary null,0.11870154254813114,,,324
b,PHQ-9 stationary null,0.17676011638886327,,,324
b,PHQ-9 stationary null,0.16779903182622313,,,324
b,PHQ-9 stationary null,0.22689661907778313,,,324
b,PHQ-9 stationary null,0.15695265424387977,,,324
b,PHQ-9 stationary null,0.18753585916585458,,,324
b,PHQ-9 stationary null,0.1393522691100055,,,324
b,PHQ-9 stationary null,0.12907067099704758,,,324
b,PHQ-9 stationary null,0.18484057252796718,,,324
b,PHQ-9 stationary null,0.1871932256707609,,,324
b,PHQ-9 stationary null,0.16800480213096114,,,324
b,PHQ-9 stationary null,0.19250284255929148,,,324
b,PHQ-9 stationary null,0.1994515391052979,,,324
b,PHQ-9 stationary null,0.2848857385500647,,,324
b,PHQ-9 stationary null,0.16272007682018624,,,324
b,PHQ-9 stationary null,0.17194015239117533,,,324
b,PHQ-9 stationary null,0.16042787404377315,,,324
b,PHQ-9 stationary null,0.14085492538261332,,,324
b,PHQ-9 stationary null,0.17837487475757047,,,324
b,PHQ-9 stationary null,0.20332419030467389,,,324
b,PHQ-9 stationary null,0.15365852592451504,,,324
b,PHQ-9 stationary null,0.18574677658327288,,,324
b,PHQ-9 stationary null,0.1548349763361557,,,324
b,PHQ-9 stationary null,0.14164159215581493,,,324
b,PHQ-9 stationary null,0.14088299556899758,,,324
b,PHQ-9 stationary null,0.25608637293436093,,,324
b,PHQ-9 stationary null,0.17888729355618505,,,324
b,PHQ-9 stationary null,0.18319484745010073,,,324
b,PHQ-9 stationary null,0.13363342792428543,,,324
b,PHQ-9 stationary null,0.2019656729919202,,,324
b,PHQ-9 stationary null,0.23550809342025175,,,324
b,PHQ-9 stationary null,0.18062072125579978,,,324
b,PHQ-9 stationary null,0.2077010576413827,,,324
b,PHQ-9 stationary null,0.14375395047369013,,,324
b,PHQ-9 stationary null,0.20521357815306207,,,324
b,PHQ-9 stationary null,0.18917325722875278,,,324
b,PHQ-9 stationary null,0.16800158555759512,,,324
b,PHQ-9 stationary null,0.14075771850270946,,,324
b,PHQ-9 stationary null,0.23517438986454778,,,324
b,PHQ-9 stationary null,0.1652713063040545,,,324
b,PHQ-9 stationary null,0.19908289715302707,,,324
b,PHQ-9 stationary null,0.18103574683754334,,,324
b,PHQ-9 stationary null,0.16339933200431278,,,324
b,PHQ-9 stationary null,0.181363764099924,,,324
b,PHQ-9 stationary null,0.23012583459397945,,,324
b,PHQ-9 stationary null,0.14497887817103705,,,324
b,PHQ-9 stationary null,0.18294609869285036,,,324
b,PHQ-9 stationary null,0.18942176016890364,,,324
b,PHQ-9 stationary null,0.18678220567679063,,,324
b,PHQ-9 stationary null,0.18537773881160724,,,324
b,PHQ-9 stationary null,0.15471420899424454,,,324
b,PHQ-9 stationary null,0.18120013160586035,,,324
b,PHQ-9 stationary null,0.20924659785808797,,,324
b,PHQ-9 stationary null,0.17030008609138136,,,324
b,PHQ-9 stationary null,0.1532967268609266,,,324
b,PHQ-9 stationary null,0.1891243694427181,,,324
b,PHQ-9 stationary null,0.14138333404364536,,,324
b,PHQ-9 stationary null,0.20851871572742514,,,324
b,PHQ-9 stationary null,0.1485884826216743,,,324
b,PHQ-9 stationary null,0.13383650714306677,,,324
b,PHQ-9 stationary null,0.16274296069834263,,,324
b,PHQ-9 stationary null,0.17123536203992248,,,324
b,PHQ-9 stationary null,0.22645184721575556,,,324
b,PHQ-9 stationary null,0.18332366128553765,,,324
b,PHQ-9 stationary null,0.1938428581089724,,,324
b,PHQ-9 stationary null,0.19233846144181066,,,324
b,PHQ-9 stationary null,0.14787803398482305,,,324
b,PHQ-9 stationary null,0.14568315043691998,,,324
b,PHQ-9 stationary null,0.23935275338783607,,,324
b,PHQ-9 stationary null,0.19233822152325217,,,324
b,PHQ-9 stationary null,0.19003772810288508,,,324
b,PHQ-9 stationary null,0.19971552128282427,,,324
b,PHQ-9 stationary null,0.17956449643107858,,,324
b,PHQ-9 stationary null,0.1920569625059263,,,324
b,PHQ-9 stationary null,0.15816946161623413,,,324
b,PHQ-9 stationary null,0.16784071645138024,,,324
b,PHQ-9 stationary null,0.1988496482541545,,,324
b,PHQ-9 stationary null,0.18583641567597867,,,324
b,PHQ-9 stationary null,0.10598351774341314,,,324
b,PHQ-9 stationary null,0.1942630455653998,,,324
b,PHQ-9 stationary null,0.19523895357697174,,,324
b,PHQ-9 stationary null,0.17269990295223617,,,324
b,PHQ-9 stationary null,0.20021832786291607,,,324
b,PHQ-9 stationary null,0.17782784479954533,,,324
b,PHQ-9 stationary null,0.1987398174874818,,,324
b,PHQ-9 stationary null,0.18892695361391268,,,324
b,PHQ-9 stationary null,0.16305658140507534,,,324
b,PHQ-9 stationary null,0.15973503680923268,,,324
b,PHQ-9 stationary null,0.14626144684357417,,,324
b,PHQ-9 stationary null,0.1765686684782285,,,324
b,PHQ-9 stationary null,0.20613699354563278,,,324
b,PHQ-9 stationary null,0.20062823043606012,,,324
b,PHQ-9 stationary null,0.22013107543218222,,,324
b,PHQ-9 stationary null,0.16350732476677762,,,324
b,PHQ-9 stationary null,0.13479944468344146,,,324
b,PHQ-9 stationary null,0.14534064489012055,,,324
b,PHQ-9 stationary null,0.15977920738665022,,,324
b,PHQ-9 stationary null,0.23120335168175318,,,324
b,PHQ-9 stationary null,0.18404924668661227,,,324
b,PHQ-9 stationary null,0.18798704522696905,,,324
b,PHQ-9 stationary null,0.22037453414255795,,,324
b,PHQ-9 stationary null,0.19235888987324362,,,324
b,PHQ-9 stationary null,0.1463528333325105,,,324
b,PHQ-9 stationary null,0.14779257540685986,,,324
b,PHQ-9 stationary null,0.2050515785343449,,,324
b,PHQ-9 stationary null,0.16577758765542971,,,324
b,PHQ-9 stationary null,0.21788914245518023,,,324
b,PHQ-9 stationary null,0.156013625599968,,,324
b,PHQ-9 stationary null,0.20547348207193808,,,324
b,PHQ-9 stationary null,0.2006485247022285,,,324
b,PHQ-9 stationary null,0.1905563579452396,,,324
b,PHQ-9 stationary null,0.18931973418759443,,,324
b,PHQ-9 stationary null,0.18418407407900356,,,324
b,PHQ-9 stationary null,0.15674855751278297,,,324
b,PHQ-9 stationary null,0.1729401287200638,,,324
b,PHQ-9 stationary null,0.22367717027043219,,,324
b,PHQ-9 stationary null,0.1608313889664323,,,324
b,PHQ-9 stationary null,0.17029866509797276,,,324
b,PHQ-9 stationary null,0.1567677046049754,,,324
b,PHQ-9 stationary null,0.20011075263690317,,,324
b,PHQ-9 stationary null,0.1536307172618101,,,324
b,PHQ-9 stationary null,0.23589269663706058,,,324
b,PHQ-9 stationary null,0.15975210871762266,,,324
b,PHQ-9 stationary null,0.1945503759590734,,,324
b,PHQ-9 stationary null,0.1838825756843533,,,324
b,PHQ-9 stationary null,0.16104217641016616,,,324
b,PHQ-9 stationary null,0.1917094501749111,,,324
b,PHQ-9 stationary null,0.14890072838582463,,,324
b,PHQ-9 stationary null,0.1530755608661332,,,324
b,PHQ-9 stationary null,0.24467516517513127,,,324
b,PHQ-9 stationary null,0.1615012453593706,,,324
b,PHQ-9 stationary null,0.1744191099539881,,,324
b,PHQ-9 stationary null,0.10354493882995194,,,324
b,PHQ-9 stationary null,0.15760260665867082,,,324
b,PHQ-9 stationary null,0.1540710319212478,,,324
b,PHQ-9 stationary null,0.18796917242900554,,,324
b,PHQ-9 stationary null,0.16644727706503226,,,324
b,PHQ-9 stationary null,0.13123537659082007,,,324
b,PHQ-9 stationary null,0.17366118587384807,,,324
b,PHQ-9 stationary null,0.23426693126051248,,,324
b,PHQ-9 stationary null,0.14328340065363027,,,324
b,PHQ-9 stationary null,0.12169834777270232,,,324
b,PHQ-9 stationary null,0.14933902874323032,,,324
b,PHQ-9 stationary null,0.17348985009827186,,,324
b,PHQ-9 stationary null,0.1806837149411166,,,324
b,PHQ-9 stationary null,0.1913665523744569,,,324
b,PHQ-9 stationary null,0.2117308932031729,,,324
b,PHQ-9 stationary null,0.13661111780201013,,,324
b,PHQ-9 stationary null,0.16320818485491873,,,324
b,PHQ-9 stationary null,0.15140170033408515,,,324
b,PHQ-9 stationary null,0.1586025606355901,,,324
b,PHQ-9 stationary null,0.1809965864091201,,,324
b,PHQ-9 stationary null,0.18211103810748985,,,324
b,PHQ-9 stationary null,0.1980226531102429,,,324
b,PHQ-9 stationary null,0.13570221337490693,,,324
b,PHQ-9 stationary null,0.20927786893489955,,,324
b,PHQ-9 stationary null,0.19909053727789405,,,324
b,PHQ-9 stationary null,0.15242753693605368,,,324
b,PHQ-9 stationary null,0.19034822588536254,,,324
b,PHQ-9 stationary null,0.20348211275889447,,,324
b,PHQ-9 stationary null,0.12638190053944126,,,324
b,PHQ-9 stationary null,0.15971477033395257,,,324
b,PHQ-9 stationary null,0.1476980236651737,,,324
b,PHQ-9 stationary null,0.1887929506589377,,,324
b,PHQ-9 stationary null,0.1677805503880054,,,324
b,PHQ-9 stationary null,0.14930138153596187,,,324
b,PHQ-9 stationary null,0.23680171841029365,,,324
b,PHQ-9 stationary null,0.20206151879117357,,,324
b,PHQ-9 stationary null,0.15249895096403768,,,324
b,PHQ-9 stationary null,0.16910938659814215,,,324
b,PHQ-9 stationary null,0.16411465108177928,,,324
b,PHQ-9 stationary null,0.16860617536581657,,,324
b,PHQ-9 stationary null,0.22078119101183635,,,324
b,PHQ-9 stationary null,0.17055510986003447,,,324
b,PHQ-9 stationary null,0.19285978859362538,,,324
b,PHQ-9 stationary null,0.16129281904517723,,,324
b,PHQ-9 stationary null,0.19241765925252347,,,324
b,PHQ-9 stationary null,0.18725342448571708,,,324
b,PHQ-9 stationary null,0.14768029101650337,,,324
b,PHQ-9 stationary null,0.19435395224799268,,,324
b,PHQ-9 stationary null,0.17989858052600316,,,324
b,PHQ-9 stationary null,0.1698038727495285,,,324
b,PHQ-9 stationary null,0.15292727305703874,,,324
b,PHQ-9 stationary null,0.1866941522272205,,,324
b,PHQ-9 stationary null,0.11366624911073378,,,324
b,PHQ-9 stationary null,0.1558465922180403,,,324
b,PHQ-9 stationary null,0.21758283365192543,,,324
b,PHQ-9 stationary null,0.15615752174670408,,,324
b,PHQ-9 stationary null,0.21390447783125727,,,324
b,PHQ-9 stationary null,0.14811325982701523,,,324
b,PHQ-9 stationary null,0.1605479248486012,,,324
b,PHQ-9 stationary null,0.14906262763998057,,,324
b,PHQ-9 stationary null,0.20948552361096984,,,324
b,PHQ-9 stationary null,0.17292519939922796,,,324
b,PHQ-9 stationary null,0.16149299222461436,,,324
b,PHQ-9 stationary null,0.14181546488032032,,,324
b,PHQ-9 stationary null,0.19013842994309538,,,324
b,PHQ-9 stationary null,0.1785256950100658,,,324
b,PHQ-9 stationary null,0.1593531580497329,,,324
b,PHQ-9 stationary null,0.17062975346859818,,,324
b,PHQ-9 stationary null,0.1442272153084548,,,324
b,PHQ-9 stationary null,0.21703191644715247,,,324
b,PHQ-9 stationary null,0.09430802415739768,,,324
b,PHQ-9 stationary null,0.16469146105776147,,,324
b,PHQ-9 stationary null,0.18180485382650896,,,324
b,PHQ-9 stationary null,0.14992451763870449,,,324
b,PHQ-9 stationary null,0.1570213328305323,,,324
b,PHQ-9 stationary null,0.17556633867800717,,,324
b,PHQ-9 stationary null,0.15989597997993915,,,324
b,PHQ-9 stationary null,0.17445108523954328,,,324
b,PHQ-9 stationary null,0.15376927704654972,,,324
b,PHQ-9 stationary null,0.21431804570925353,,,324
b,PHQ-9 stationary null,0.1892850075821429,,,324
b,PHQ-9 stationary null,0.14711591277604766,,,324
b,PHQ-9 stationary null,0.18615031386083053,,,324
b,PHQ-9 stationary null,0.18743690558024634,,,324
b,PHQ-9 stationary null,0.19318201119377124,,,324
b,PHQ-9 stationary null,0.18093481543985634,,,324
b,PHQ-9 stationary null,0.15089670135839778,,,324
b,PHQ-9 stationary null,0.18046798570927752,,,324
b,PHQ-9 stationary null,0.1587028635699304,,,324
b,PHQ-9 stationary null,0.18939183152547945,,,324
b,PHQ-9 stationary null,0.15198597633164185,,,324
b,PHQ-9 stationary null,0.18677135611384504,,,324
b,PHQ-9 stationary null,0.18260210355299109,,,324
b,PHQ-9 stationary null,0.16721533626603532,,,324
b,PHQ-9 stationary null,0.15867337363204428,,,324
b,PHQ-9 stationary null,0.1625460704823484,,,324
b,PHQ-9 stationary null,0.17198882973885768,,,324
b,PHQ-9 stationary null,0.13844909757598828,,,324
b,PHQ-9 stationary null,0.14874247462687204,,,324
b,PHQ-9 stationary null,0.17556122358079268,,,324
b,PHQ-9 stationary null,0.20147605280791725,,,324
b,PHQ-9 stationary null,0.20039463302990776,,,324
b,PHQ-9 stationary null,0.2207662734440238,,,324
b,PHQ-9 stationary null,0.16606828911087076,,,324
b,PHQ-9 stationary null,0.17988052596863605,,,324
b,PHQ-9 stationary null,0.21588399429614574,,,324
b,PHQ-9 stationary null,0.1668064492022125,,,324
b,PHQ-9 stationary null,0.22516851977032754,,,324
b,PHQ-9 stationary null,0.14045043792655332,,,324
b,PHQ-9 stationary null,0.125886473741704,,,324
b,PHQ-9 stationary null,0.2219171507513581,,,324
b,PHQ-9 stationary null,0.13623095117214368,,,324
b,PHQ-9 stationary null,0.16664385782582689,,,324
b,PHQ-9 stationary null,0.20342184040806371,,,324
b,PHQ-9 stationary null,0.2194081327160146,,,324
b,PHQ-9 stationary null,0.12744729719421038,,,324
b,PHQ-9 stationary null,0.20541405974042515,,,324
b,PHQ-9 stationary null,0.16138399755631033,,,324
b,PHQ-9 stationary null,0.16849925423071235,,,324
b,PHQ-9 stationary null,0.22687424124628652,,,324
b,PHQ-9 stationary null,0.17772226877688607,,,324
b,PHQ-9 stationary null,0.1713220094498866,,,324
b,PHQ-9 stationary null,0.22532856754016367,,,324
b,PHQ-9 stationary null,0.1323391352466288,,,324
b,PHQ-9 stationary null,0.22194267904476395,,,324
b,PHQ-9 stationary null,0.14578548434164418,,,324
b,PHQ-9 stationary null,0.18000518960058481,,,324
b,PHQ-9 stationary null,0.15701798369531364,,,324
b,PHQ-9 stationary null,0.22010159961026274,,,324
b,PHQ-9 stationary null,0.20936618022283288,,,324
b,PHQ-9 stationary null,0.20479646342174387,,,324
b,PHQ-9 stationary null,0.19791780729609246,,,324
b,PHQ-9 stationary null,0.1743834664516199,,,324
b,PHQ-9 stationary null,0.20803958523859917,,,324
b,PHQ-9 stationary null,0.19623706826109208,,,324
b,PHQ-9 stationary null,0.2537580373040133,,,324
b,PHQ-9 stationary null,0.17256797273740085,,,324
b,PHQ-9 stationary null,0.1727894504982882,,,324
b,PHQ-9 stationary null,0.17201795736246467,,,324
b,PHQ-9 stationary null,0.19509657322644097,,,324
b,PHQ-9 stationary null,0.16153532666869294,,,324
b,PHQ-9 stationary null,0.2294621728484852,,,324
b,PHQ-9 stationary null,0.18274503767143646,,,324
b,PHQ-9 stationary null,0.1575782320013459,,,324
b,PHQ-9 stationary null,0.12423183002236164,,,324
b,PHQ-9 stationary null,0.15557788069165063,,,324
b,PHQ-9 stationary null,0.15119622439301306,,,324
b,PHQ-9 stationary null,0.20011455081319077,,,324
b,PHQ-9 stationary null,0.19310492617783004,,,324
b,PHQ-9 stationary null,0.13871587481395165,,,324
b,PHQ-9 stationary null,0.1764950224423877,,,324
b,PHQ-9 stationary null,0.22889877915662396,,,324
b,PHQ-9 stationary null,0.14713991452829653,,,324
b,PHQ-9 stationary null,0.16795324365245354,,,324
b,PHQ-9 stationary null,0.19356652412812142,,,324
b,PHQ-9 stationary null,0.1463230801907038,,,324
b,PHQ-9 stationary null,0.18240345339943412,,,324
b,PHQ-9 stationary null,0.18352313631326522,,,324
b,PHQ-9 stationary null,0.1356810877001672,,,324
b,PHQ-9 stationary null,0.14747856570391932,,,324
b,PHQ-9 stationary null,0.20710691362122222,,,324
b,PHQ-9 stationary null,0.16720802222385275,,,324
b,PHQ-9 stationary null,0.17552663024888007,,,324
b,PHQ-9 stationary null,0.08302273310891546,,,324
b,PHQ-9 stationary null,0.23859600908954812,,,324
b,PHQ-9 stationary null,0.17253574965986784,,,324
b,PHQ-9 stationary null,0.148662446226142,,,324
b,PHQ-9 stationary null,0.14571629827595312,,,324
b,PHQ-9 stationary null,0.16550207457186575,,,324
b,PHQ-9 stationary null,0.14121657423542802,,,324
b,PHQ-9 stationary null,0.18688975348872514,,,324
b,PHQ-9 stationary null,0.13847016832359574,,,324
b,PHQ-9 stationary null,0.17990140972136642,,,324
b,PHQ-9 stationary null,0.16837984830240002,,,324
b,PHQ-9 stationary null,0.23839066278136073,,,324
b,PHQ-9 stationary null,0.18953708285281867,,,324
b,PHQ-9 stationary null,0.18498034027688176,,,324
b,PHQ-9 stationary null,0.1665702187237376,,,324
b,PHQ-9 stationary null,0.16581058168531093,,,324
b,PHQ-9 stationary null,0.15743328303727935,,,324
b,PHQ-9 stationary null,0.19686071566696342,,,324
b,PHQ-9 stationary null,0.19594953067072038,,,324
b,PHQ-9 stationary null,0.16045428801227993,,,324
b,PHQ-9 stationary null,0.20216850763046634,,,324
b,PHQ-9 stationary null,0.15417906334730302,,,324
b,PHQ-9 stationary null,0.17040113626695036,,,324
b,PHQ-9 stationary null,0.17997181329005654,,,324
b,PHQ-9 stationary null,0.12916443998007357,,,324
b,PHQ-9 stationary null,0.21529515434965654,,,324
b,PHQ-9 stationary null,0.1610113591995647,,,324
b,PHQ-9 stationary null,0.15720153964421044,,,324
b,PHQ-9 stationary null,0.1754266998973712,,,324
b,PHQ-9 stationary null,0.20282165361231677,,,324
b,PHQ-9 stationary null,0.24154673348625924,,,324
b,PHQ-9 stationary null,0.1934698178962515,,,324
b,PHQ-9 stationary null,0.12581038334701175,,,324
b,PHQ-9 stationary null,0.171873804271359,,,324
b,PHQ-9 stationary null,0.1610333076056285,,,324
b,PHQ-9 stationary null,0.16464987875068948,,,324
b,PHQ-9 stationary null,0.16669737731223735,,,324
b,PHQ-9 stationary null,0.10072949576291139,,,324
b,PHQ-9 stationary null,0.16313457161338518,,,324
b,PHQ-9 stationary null,0.14550826610504555,,,324
b,PHQ-9 stationary null,0.18826668652231698,,,324
b,PHQ-9 stationary null,0.17329189548560148,,,324
b,PHQ-9 stationary null,0.16991493020974796,,,324
b,PHQ-9 stationary null,0.19232233468414267,,,324
b,PHQ-9 stationary null,0.16185669177380677,,,324
b,PHQ-9 stationary null,0.12471797642382583,,,324
b,PHQ-9 stationary null,0.15451601787645416,,,324
b,PHQ-9 stationary null,0.15221804522442833,,,324
b,PHQ-9 stationary null,0.16454785368208272,,,324
b,PHQ-9 stationary null,0.14397089497121462,,,324
b,PHQ-9 stationary null,0.1714014045093871,,,324
b,PHQ-9 stationary null,0.1991537770414298,,,324
b,PHQ-9 stationary null,0.17090659073204814,,,324
b,PHQ-9 stationary null,0.19695287600685726,,,324
b,PHQ-9 stationary null,0.2071619476088642,,,324
b,PHQ-9 stationary null,0.16277742719917812,,,324
b,PHQ-9 stationary null,0.13567051686620368,,,324
b,PHQ-9 stationary null,0.10364144532774554,,,324
b,PHQ-9 stationary null,0.17701689958975497,,,324
b,PHQ-9 stationary null,0.18634688310523226,,,324
b,PHQ-9 stationary null,0.14022894535343233,,,324
b,PHQ-9 stationary null,0.18311248698871982,,,324
b,PHQ-9 stationary null,0.13210140470219206,,,324
b,PHQ-9 stationary null,0.14754728648251814,,,324
b,PHQ-9 stationary null,0.18637808593554842,,,324
b,PHQ-9 stationary null,0.1793409239006964,,,324
b,PHQ-9 stationary null,0.1919551692312779,,,324
b,PHQ-9 stationary null,0.18735287556352667,,,324
b,PHQ-9 stationary null,0.16563119207287091,,,324
b,PHQ-9 stationary null,0.14090355103739743,,,324
b,PHQ-9 stationary null,0.16380901701126913,,,324
b,PHQ-9 stationary null,0.14379611207354426,,,324
b,PHQ-9 stationary null,0.20044872002230363,,,324
b,PHQ-9 stationary null,0.11611440034232702,,,324
b,PHQ-9 stationary null,0.1399486819874146,,,324
b,PHQ-9 stationary null,0.2141469339945979,,,324
b,PHQ-9 stationary null,0.16565161248644864,,,324
b,PHQ-9 stationary null,0.0826366124472883,,,324
b,PHQ-9 stationary null,0.10408172347935574,,,324
b,PHQ-9 stationary null,0.21788027802636645,,,324
b,PHQ-9 stationary null,0.1453442072210641,,,324
b,PHQ-9 stationary null,0.1590473062473285,,,324
b,PHQ-9 stationary null,0.16756203618560042,,,324
b,PHQ-9 stationary null,0.21411664249324366,,,324
b,PHQ-9 stationary null,0.2082927282463394,,,324
b,PHQ-9 stationary null,0.2039869160989491,,,324
b,PHQ-9 stationary null,0.15418053429211934,,,324
b,PHQ-9 stationary null,0.16889917928343434,,,324
b,PHQ-9 stationary null,0.19934777859484634,,,324
b,PHQ-9 stationary null,0.15393858391796097,,,324
b,PHQ-9 stationary null,0.16491334702760302,,,324
b,PHQ-9 stationary null,0.14213860877370577,,,324
b,PHQ-9 stationary null,0.1857918533583885,,,324
b,PHQ-9 stationary null,0.1920836609641133,,,324
b,PHQ-9 stationary null,0.13068287950145158,,,324
b,PHQ-9 stationary null,0.21563527124177728,,,324
b,PHQ-9 stationary null,0.18165441784280875,,,324
b,PHQ-9 stationary null,0.21684797397386707,,,324
b,PHQ-9 stationary null,0.16932238269116168,,,324
b,PHQ-9 stationary null,0.17214131874031113,,,324
b,PHQ-9 stationary null,0.19814300039734478,,,324
b,PHQ-9 stationary null,0.21376710922793016,,,324
b,PHQ-9 stationary null,0.14637025575920865,,,324
b,PHQ-9 stationary null,0.13394412950557164,,,324
b,PHQ-9 stationary null,0.17995647426707145,,,324
b,PHQ-9 stationary null,0.1999679361305464,,,324
b,PHQ-9 stationary null,0.150302839003569,,,324
b,PHQ-9 stationary null,0.21517194287759242,,,324
b,PHQ-9 stationary null,0.2033220976133948,,,324
b,PHQ-9 stationary null,0.14482933538795337,,,324
b,PHQ-9 stationary null,0.153843955028884,,,324
b,PHQ-9 stationary null,0.11479932493551981,,,324
b,PHQ-9 stationary null,0.17172582197968314,,,324
b,PHQ-9 stationary null,0.16738027916736464,,,324
b,PHQ-9 stationary null,0.2388447322450122,,,324
b,PHQ-9 stationary null,0.20421001065328448,,,324
b,PHQ-9 stationary null,0.16086349713367312,,,324
b,PHQ-9 stationary null,0.16847582243195447,,,324
b,PHQ-9 stationary null,0.15476962289902657,,,324
b,PHQ-9 stationary null,0.15687605363394716,,,324
b,PHQ-9 stationary null,0.14836741064796044,,,324
b,PHQ-9 stationary null,0.2217130503734209,,,324
b,PHQ-9 stationary null,0.14363233937571013,,,324
b,PHQ-9 stationary null,0.1066990501109817,,,324
b,PHQ-9 stationary null,0.21843572241303685,,,324
b,PHQ-9 stationary null,0.2088459098516025,,,324
b,PHQ-9 stationary null,0.1940130827552671,,,324
b,PHQ-9 stationary null,0.2049815875654982,,,324
b,PHQ-9 stationary null,0.1696221883691317,,,324
b,PHQ-9 stationary null,0.1180545100116603,,,324
b,PHQ-9 stationary null,0.18129553458135003,,,324
b,PHQ-9 stationary null,0.18391301667982685,,,324
b,PHQ-9 stationary null,0.17676219863945786,,,324
b,PHQ-9 stationary null,0.16385982074238598,,,324
b,PHQ-9 stationary null,0.19335811558640617,,,324
b,PHQ-9 stationary null,0.13947242449717373,,,324
b,PHQ-9 stationary null,0.17768421169699497,,,324
b,PHQ-9 stationary null,0.15898059643384593,,,324
b,PHQ-9 stationary null,0.2696177665921797,,,324
b,PHQ-9 stationary null,0.1854864328319082,,,324
b,PHQ-9 stationary null,0.16137991493312132,,,324
b,PHQ-9 stationary null,0.20192710009235018,,,324
b,PHQ-9 stationary null,0.14135895621828945,,,324
b,PHQ-9 stationary null,0.16403235440194536,,,324
b,PHQ-9 stationary null,0.17242864250120798,,,324
b,PHQ-9 stationary null,0.21013778415482728,,,324
b,PHQ-9 stationary null,0.20553411150436077,,,324
b,PHQ-9 stationary null,0.18061095981834782,,,324
b,PHQ-9 stationary null,0.1898334442643522,,,324
b,PHQ-9 stationary null,0.1708987075865035,,,324
b,PHQ-9 stationary null,0.18723198471326027,,,324
b,PHQ-9 stationary null,0.14884091087409176,,,324
b,PHQ-9 stationary null,0.14792204075044613,,,324
b,PHQ-9 stationary null,0.23214800399928742,,,324
b,PHQ-9 stationary null,0.1513836494440583,,,324
b,PHQ-9 stationary null,0.18833387857556683,,,324
b,PHQ-9 stationary null,0.16645950014627453,,,324
b,PHQ-9 stationary null,0.17907354345860113,,,324
b,PHQ-9 stationary null,0.17127432293995906,,,324
b,PHQ-9 stationary null,0.15382491767744835,,,324
b,PHQ-9 stationary null,0.20259490728115,,,324
b,PHQ-9 stationary null,0.19805534930399785,,,324
b,PHQ-9 stationary null,0.15588978029071918,,,324
b,PHQ-9 stationary null,0.11580125455459397,,,324
b,PHQ-9 stationary null,0.1553797512395199,,,324
b,PHQ-9 stationary null,0.18781527645743895,,,324
b,PHQ-9 stationary null,0.16943084919512236,,,324
b,PHQ-9 stationary null,0.21166783055189756,,,324
b,PHQ-9 stationary null,0.17518908012591664,,,324
b,PHQ-9 stationary null,0.21209417190935878,,,324
b,PHQ-9 stationary null,0.20314899481043514,,,324
b,PHQ-9 stationary null,0.1372356344943332,,,324
b,PHQ-9 stationary null,0.1877435195322647,,,324
b,PHQ-9 stationary null,0.17742133223829673,,,324
b,PHQ-9 stationary null,0.23116109443460273,,,324
b,PHQ-9 stationary null,0.19582678274922605,,,324
b,PHQ-9 stationary null,0.16306940584424154,,,324
b,PHQ-9 stationary null,0.17674532309705657,,,324
b,PHQ-9 stationary null,0.11351366847098425,,,324
b,PHQ-9 stationary null,0.14195176079960567,,,324
b,PHQ-9 stationary null,0.12719068817219545,,,324
b,PHQ-9 stationary null,0.17403484036324085,,,324
b,PHQ-9 stationary null,0.19499006811643463,,,324
b,PHQ-9 stationary null,0.14846761266501288,,,324
b,PHQ-9 stationary null,0.1349044645047933,,,324
b,PHQ-9 stationary null,0.16761047615081673,,,324
b,PHQ-9 stationary null,0.1567698505195518,,,324
b,PHQ-9 stationary null,0.1774444438132033,,,324
b,PHQ-9 stationary null,0.17890378414416522,,,324
b,PHQ-9 stationary null,0.16333524134129204,,,324
b,PHQ-9 stationary null,0.15980287928001735,,,324
b,PHQ-9 stationary null,0.13384784169804712,,,324
b,PHQ-9 stationary null,0.1504318557995262,,,324
b,PHQ-9 stationary null,0.13252337998173586,,,324
b,PHQ-9 stationary null,0.22486227549263077,,,324
b,PHQ-9 stationary null,0.16449769919021615,,,324
b,PHQ-9 stationary null,0.17981177876917917,,,324
b,PHQ-9 stationary null,0.14159321492935487,,,324
b,PHQ-9 stationary null,0.08832662436176408,,,324
b,PHQ-9 stationary null,0.14897687337764232,,,324
b,PHQ-9 stationary null,0.1898328924065097,,,324
b,PHQ-9 stationary null,0.15448428294815356,,,324
b,PHQ-9 stationary null,0.14090343824207952,,,324
b,PHQ-9 stationary null,0.10784626061740973,,,324
b,PHQ-9 stationary null,0.1799097461973643,,,324
b,PHQ-9 stationary null,0.15295108633184798,,,324
b,PHQ-9 stationary null,0.18361025656183702,,,324
b,PHQ-9 stationary null,0.202534402423667,,,324
b,PHQ-9 stationary null,0.1941166060926898,,,324
b,PHQ-9 stationary null,0.142714561978201,,,324
b,PHQ-9 stationary null,0.1682957485008986,,,324
b,PHQ-9 stationary null,0.13770630080176932,,,324
b,PHQ-9 stationary null,0.17965415655805675,,,324
b,PHQ-9 stationary null,0.23721424314252218,,,324
b,PHQ-9 stationary null,0.1404858135111858,,,324
b,PHQ-9 stationary null,0.20125167374674677,,,324
b,PHQ-9 stationary null,0.12881077112479367,,,324
b,PHQ-9 stationary null,0.19647613489220614,,,324
b,PHQ-9 stationary null,0.13283051163673978,,,324
b,PHQ-9 stationary null,0.14690173760945544,,,324
b,PHQ-9 stationary null,0.15562681506470014,,,324
b,PHQ-9 stationary null,0.1264294548697806,,,324
b,PHQ-9 stationary null,0.13774884128573645,,,324
b,PHQ-9 stationary null,0.1677988855423554,,,324
b,PHQ-9 stationary null,0.1414693346373867,,,324
b,PHQ-9 stationary null,0.20416623463326922,,,324
b,PHQ-9 stationary null,0.19640761024475867,,,324
b,PHQ-9 stationary null,0.18056416662937208,,,324
b,PHQ-9 stationary null,0.16483586997664415,,,324
b,PHQ-9 stationary null,0.14254406052132634,,,324
b,PHQ-9 stationary null,0.1858828811874122,,,324
b,PHQ-9 stationary null,0.20872665180227726,,,324
b,PHQ-9 stationary null,0.18023998273712138,,,324
b,PHQ-9 stationary null,0.20434689108142132,,,324
b,PHQ-9 stationary null,0.2024014604701787,,,324
b,PHQ-9 stationary null,0.18648054090190097,,,324
b,PHQ-9 stationary null,0.2405175466029004,,,324
b,PHQ-9 stationary null,0.20862760950381082,,,324
b,PHQ-9 stationary null,0.14883834152465658,,,324
b,PHQ-9 stationary null,0.1989197466569017,,,324
b,PHQ-9 stationary null,0.25917091761118305,,,324
b,PHQ-9 stationary null,0.1567142572247372,,,324
b,PHQ-9 stationary null,0.19083119268610696,,,324
b,PHQ-9 stationary null,0.20873270843026526,,,324
b,PHQ-9 stationary null,0.21571698612125165,,,324
b,PHQ-9 stationary null,0.20668476776474998,,,324
b,PHQ-9 stationary null,0.2113008046103449,,,324
b,PHQ-9 stationary null,0.2359394083005497,,,324
b,PHQ-9 stationary null,0.1365630491106884,,,324
b,PHQ-9 stationary null,0.17003530175762233,,,324
b,PHQ-9 stationary null,0.17262830577418165,,,324
b,PHQ-9 stationary null,0.11323830101286303,,,324
b,PHQ-9 stationary null,0.13387977717413288,,,324
b,PHQ-9 stationary null,0.1756758211509959,,,324
b,PHQ-9 stationary null,0.15332919395774947,,,324
b,PHQ-9 stationary null,0.1421863265425804,,,324
b,PHQ-9 stationary null,0.10726543867276535,,,324
b,PHQ-9 stationary null,0.25363637986316234,,,324
b,PHQ-9 stationary null,0.17077032913937873,,,324
b,PHQ-9 stationary null,0.2641609914255516,,,324
b,PHQ-9 stationary null,0.1718274860267556,,,324
b,PHQ-9 stationary null,0.17187115544908313,,,324
b,PHQ-9 stationary null,0.17785211127335784,,,324
b,PHQ-9 stationary null,0.239194558562978,,,324
b,PHQ-9 stationary null,0.18633714003614638,,,324
b,PHQ-9 stationary null,0.1838984558960335,,,324
b,PHQ-9 stationary null,0.1969512223149201,,,324
b,PHQ-9 stationary null,0.14084200806538769,,,324
b,PHQ-9 stationary null,0.131471315411435,,,324
b,PHQ-9 stationary null,0.16816387233718705,,,324
b,PHQ-9 stationary null,0.14114649327151202,,,324
b,PHQ-9 stationary null,0.15700372661929726,,,324
b,PHQ-9 stationary null,0.151167072600199,,,324
b,PHQ-9 stationary null,0.17783228844347562,,,324
b,PHQ-9 stationary null,0.19220329173669867,,,324
b,PHQ-9 stationary null,0.14119912706437243,,,324
b,PHQ-9 stationary null,0.16431448028625767,,,324
b,PHQ-9 stationary null,0.17097119408749686,,,324
b,PHQ-9 stationary null,0.1995145019741772,,,324
b,PHQ-9 stationary null,0.12345151446924632,,,324
b,PHQ-9 stationary null,0.1527178355368773,,,324
b,PHQ-9 stationary null,0.15911742981447413,,,324
b,PHQ-9 stationary null,0.17347695871710567,,,324
b,PHQ-9 stationary null,0.14801062791768493,,,324
b,PHQ-9 stationary null,0.19843237627861268,,,324
b,PHQ-9 stationary null,0.1322064258835134,,,324
b,PHQ-9 stationary null,0.17477058870629658,,,324
b,PHQ-9 stationary null,0.1765840168880949,,,324
b,PHQ-9 stationary null,0.19139595342600962,,,324
b,PHQ-9 stationary null,0.1631051618592066,,,324
b,PHQ-9 stationary null,0.15432977806912443,,,324
b,PHQ-9 stationary null,0.15828306124069422,,,324
b,PHQ-9 stationary null,0.17738271491271645,,,324
b,PHQ-9 stationary null,0.1255192827921893,,,324
b,PHQ-9 stationary null,0.1690198547842949,,,324
b,PHQ-9 stationary null,0.20440778561531667,,,324
b,PHQ-9 stationary null,0.174970666491936,,,324
b,PHQ-9 stationary null,0.1803361173040384,,,324
b,PHQ-9 stationary null,0.17111857841877634,,,324
b,PHQ-9 stationary null,0.18584522200949563,,,324
b,PHQ-9 stationary null,0.1414544864667421,,,324
b,PHQ-9 stationary null,0.20488376511838802,,,324
b,PHQ-9 stationary null,0.18479487404988107,,,324
b,PHQ-9 stationary null,0.12362879429818421,,,324
b,PHQ-9 stationary null,0.18732128611074791,,,324
b,PHQ-9 stationary null,0.1991427412804396,,,324
b,PHQ-9 stationary null,0.1662680082739457,,,324
b,PHQ-9 stationary null,0.15543579067594093,,,324
b,PHQ-9 stationary null,0.14877379801438964,,,324
b,PHQ-9 stationary null,0.1971605527285733,,,324
b,PHQ-9 stationary null,0.16904491898710458,,,324
b,PHQ-9 stationary null,0.14843344586804508,,,324
b,PHQ-9 stationary null,0.18252892266093645,,,324
b,PHQ-9 stationary null,0.16176651239751336,,,324
b,PHQ-9 stationary null,0.13056817368108162,,,324
b,PHQ-9 stationary null,0.17511480140703375,,,324
b,PHQ-9 stationary null,0.23076070348507613,,,324
b,PHQ-9 stationary null,0.18687269942640924,,,324
b,PHQ-9 stationary null,0.15309009106260363,,,324
b,PHQ-9 stationary null,0.199225379177946,,,324
b,PHQ-9 stationary null,0.16808573203982966,,,324
b,PHQ-9 stationary null,0.21078040764808537,,,324
b,PHQ-9 stationary null,0.2456448948816593,,,324
b,PHQ-9 stationary null,0.1488914684905623,,,324
b,PHQ-9 stationary null,0.1377745094551755,,,324
b,PHQ-9 stationary null,0.15376765712477738,,,324
b,PHQ-9 stationary null,0.18210246518533427,,,324
b,PHQ-9 stationary null,0.16873143686437012,,,324
b,PHQ-9 stationary null,0.1784889073636024,,,324
b,PHQ-9 stationary null,0.1741352191795629,,,324
b,PHQ-9 stationary null,0.19551122367612037,,,324
b,PHQ-9 stationary null,0.15663229344874857,,,324
b,PHQ-9 stationary null,0.20441664314423338,,,324
b,PHQ-9 stationary null,0.20208205098160198,,,324
b,PHQ-9 stationary null,0.15977320703025427,,,324
b,PHQ-9 stationary null,0.1796333244941164,,,324
b,PHQ-9 stationary null,0.1782539797967478,,,324
b,PHQ-9 stationary null,0.1452045875914144,,,324
b,PHQ-9 stationary null,0.15538329270873663,,,324
b,PHQ-9 stationary null,0.17404975758443145,,,324
b,PHQ-9 stationary null,0.15630517889009776,,,324
b,PHQ-9 stationary null,0.21970561755478468,,,324
b,PHQ-9 stationary null,0.16901944030915794,,,324
b,PHQ-9 stationary null,0.16363496950535794,,,324
b,PHQ-9 stationary null,0.17217924689336803,,,324
b,PHQ-9 stationary null,0.22038932183048834,,,324
b,PHQ-9 stationary null,0.2000562009121305,,,324
b,PHQ-9 stationary null,0.18711230256946512,,,324
b,PHQ-9 stationary null,0.15838982177572264,,,324
b,PHQ-9 stationary null,0.16065902647863278,,,324
b,PHQ-9 stationary null,0.19428608697608188,,,324
b,PHQ-9 stationary null,0.16286504861120585,,,324
b,PHQ-9 stationary null,0.18174574825238105,,,324
b,PHQ-9 stationary null,0.19567390056918774,,,324
b,PHQ-9 stationary null,0.14709824292829582,,,324
b,PHQ-9 stationary null,0.1640084456945663,,,324
b,PHQ-9 stationary null,0.25052110841091313,,,324
b,PHQ-9 stationary null,0.18298704375925054,,,324
b,PHQ-9 stationary null,0.19510253299707173,,,324
b,PHQ-9 stationary null,0.20747426509019348,,,324
b,PHQ-9 stationary null,0.14195724966828197,,,324
b,PHQ-9 stationary null,0.17296106441049086,,,324
b,PHQ-9 stationary null,0.20677679874244034,,,324
b,PHQ-9 stationary null,0.1994006706075552,,,324
b,PHQ-9 stationary null,0.19267905937503144,,,324
b,PHQ-9 stationary null,0.16791717070160606,,,324
b,PHQ-9 stationary null,0.21443669751384806,,,324
b,PHQ-9 stationary null,0.16940487296582468,,,324
b,PHQ-9 stationary null,0.16980283697753207,,,324
b,PHQ-9 stationary null,0.18902974712957835,,,324
b,PHQ-9 stationary null,0.1680267529168374,,,324
b,PHQ-9 stationary null,0.14591078103259225,,,324
b,PHQ-9 stationary null,0.18370923932729494,,,324
b,PHQ-9 stationary null,0.14514601833476143,,,324
b,PHQ-9 stationary null,0.12016524251468182,,,324
b,PHQ-9 stationary null,0.1507014926010977,,,324
b,PHQ-9 stationary null,0.1642051398783321,,,324
b,PHQ-9 stationary null,0.1472707381000773,,,324
b,PHQ-9 stationary null,0.18550653447861484,,,324
b,PHQ-9 stationary null,0.17211909195247638,,,324
b,PHQ-9 stationary null,0.1732147560930215,,,324
b,PHQ-9 stationary null,0.13076958359449453,,,324
b,PHQ-9 stationary null,0.1613164471232653,,,324
b,PHQ-9 stationary null,0.16459012008790477,,,324
b,PHQ-9 stationary null,0.12635529164514492,,,324
b,PHQ-9 stationary null,0.196576089623085,,,324
b,PHQ-9 stationary null,0.18935294937688377,,,324
b,PHQ-9 stationary null,0.10944984490167708,,,324
b,PHQ-9 stationary null,0.20373038601094712,,,324
b,PHQ-9 stationary null,0.17763687269429762,,,324
b,PHQ-9 stationary null,0.15138054858092959,,,324
b,PHQ-9 stationary null,0.19031880349736827,,,324
b,PHQ-9 stationary null,0.13720913609658839,,,324
b,PHQ-9 stationary null,0.18051236215483418,,,324
b,PHQ-9 stationary null,0.16715113799642278,,,324
b,PHQ-9 stationary null,0.14642830942045218,,,324
b,PHQ-9 stationary null,0.174777576957665,,,324
b,PHQ-9 stationary null,0.19789220583044423,,,324
b,PHQ-9 stationary null,0.16347620816956165,,,324
b,PHQ-9 stationary null,0.15123570322651372,,,324
b,PHQ-9 stationary null,0.16089975716755073,,,324
b,PHQ-9 stationary null,0.19409145479219567,,,324
b,PHQ-9 stationary null,0.12358647288986906,,,324
b,PHQ-9 stationary null,0.1877652326493544,,,324
b,PHQ-9 stationary null,0.1426673291966448,,,324
b,PHQ-9 stationary null,0.11019462821742242,,,324
b,PHQ-9 stationary null,0.21977858891705643,,,324
b,PHQ-9 stationary null,0.14958695672570155,,,324
b,PHQ-9 stationary null,0.16863901089814762,,,324
b,PHQ-9 stationary null,0.2742689612232926,,,324
b,PHQ-9 stationary null,0.17853122643066102,,,324
b,PHQ-9 stationary null,0.2038455320008334,,,324
b,PHQ-9 stationary null,0.1619120062370607,,,324
b,PHQ-9 stationary null,0.17553564023415733,,,324
b,PHQ-9 stationary null,0.17496622271976958,,,324
b,PHQ-9 stationary null,0.13087994897041236,,,324
b,PHQ-9 stationary null,0.1528021605888134,,,324
b,PHQ-9 stationary null,0.1694816751624452,,,324
b,PHQ-9 stationary null,0.1918698590330397,,,324
b,PHQ-9 stationary null,0.18864523971842467,,,324
b,PHQ-9 stationary null,0.15487897684099639,,,324
b,PHQ-9 stationary null,0.1719654389880694,,,324
b,PHQ-9 stationary null,0.23344658419514003,,,324
b,PHQ-9 stationary null,0.17037027089116252,,,324
b,PHQ-9 stationary null,0.16431843752273567,,,324
b,PHQ-9 stationary null,0.1393304248043093,,,324
b,PHQ-9 stationary null,0.16711099621090314,,,324
b,PHQ-9 stationary null,0.1807497136044744,,,324
b,PHQ-9 stationary null,0.16607939388618212,,,324
b,PHQ-9 stationary null,0.17530445208836212,,,324
b,PHQ-9 stationary null,0.13321518766695659,,,324
b,PHQ-9 stationary null,0.11690452681572859,,,324
b,PHQ-9 stationary null,0.1880321965464072,,,324
b,PHQ-9 stationary null,0.21684577231561186,,,324
b,PHQ-9 stationary null,0.19273452651882386,,,324
b,PHQ-9 stationary null,0.19593571969281107,,,324
b,PHQ-9 stationary null,0.22947405262226253,,,324
b,PHQ-9 stationary null,0.13988365275389475,,,324
b,PHQ-9 stationary null,0.12785667597283995,,,324
b,PHQ-9 stationary null,0.18857408563567488,,,324
b,PHQ-9 stationary null,0.15801432304086369,,,324
b,PHQ-9 stationary null,0.14120706160339042,,,324
b,PHQ-9 stationary null,0.1717455201301638,,,324
b,PHQ-9 stationary null,0.165248385633776,,,324
b,PHQ-9 stationary null,0.15216359150786135,,,324
b,PHQ-9 stationary null,0.22182149379946026,,,324
b,PHQ-9 stationary null,0.1983118105609357,,,324
b,PHQ-9 stationary null,0.2553534860784693,,,324
b,PHQ-9 stationary null,0.15053771968241153,,,324
b,PHQ-9 stationary null,0.13306079443452182,,,324
b,PHQ-9 stationary null,0.1722047351586896,,,324
b,PHQ-9 stationary null,0.26937133357370924,,,324
b,PHQ-9 stationary null,0.1777749340558691,,,324
b,PHQ-9 stationary null,0.19627225514886873,,,324
b,PHQ-9 stationary null,0.1300518980555691,,,324
b,PHQ-9 stationary null,0.16561276250244863,,,324
b,PHQ-9 stationary null,0.15680255371471877,,,324
b,PHQ-9 stationary null,0.17465703199256324,,,324
b,PHQ-9 stationary null,0.18387825647815717,,,324
b,PHQ-9 stationary null,0.17498915997905695,,,324
b,PHQ-9 stationary null,0.1516227358140415,,,324
b,PHQ-9 stationary null,0.2047688991309604,,,324
b,PHQ-9 stationary null,0.14359681430552895,,,324
b,PHQ-9 stationary null,0.19414369485227764,,,324
b,PHQ-9 stationary null,0.13527810177914176,,,324
b,PHQ-9 stationary null,0.1707346717470176,,,324
b,PHQ-9 stationary null,0.1736504973948482,,,324
b,PHQ-9 stationary null,0.15095038741211694,,,324
b,PHQ-9 stationary null,0.08982789444995178,,,324
b,PHQ-9 stationary null,0.13017992325121175,,,324
b,PHQ-9 stationary null,0.16915696061043828,,,324
b,PHQ-9 stationary null,0.1761352885107959,,,324
b,PHQ-9 stationary null,0.15706794356471046,,,324
b,PHQ-9 stationary null,0.1861968199910203,,,324
b,PHQ-9 stationary null,0.22051796819936684,,,324
b,PHQ-9 stationary null,0.16332838477439363,,,324
b,PHQ-9 stationary null,0.22062220579402253,,,324
b,PHQ-9 stationary null,0.23485688158528392,,,324
b,PHQ-9 stationary null,0.16446564359911012,,,324
b,PHQ-9 stationary null,0.17620628461270785,,,324
b,PHQ-9 stationary null,0.17317410124087793,,,324
b,PHQ-9 stationary null,0.2197532709037379,,,324
b,PHQ-9 stationary null,0.18010202212857393,,,324
b,PHQ-9 stationary null,0.13779480968292995,,,324
b,PHQ-9 stationary null,0.20178632747750103,,,324
b,PHQ-9 stationary null,0.20786732244456435,,,324
b,PHQ-9 stationary null,0.13083203187463152,,,324
b,PHQ-9 stationary null,0.14224520910250346,,,324
b,PHQ-9 stationary null,0.20977555970281891,,,324
b,PHQ-9 stationary null,0.17748267813803908,,,324
b,PHQ-9 stationary null,0.1736640636619055,,,324
b,PHQ-9 stationary null,0.15249777190413305,,,324
b,PHQ-9 stationary null,0.16577289366325687,,,324
b,PHQ-9 stationary null,0.15912459569860754,,,324
b,PHQ-9 stationary null,0.16277996952723908,,,324
b,PHQ-9 stationary null,0.1812033224519994,,,324
b,PHQ-9 stationary null,0.13991189854400587,,,324
b,PHQ-9 stationary null,0.20438293638476235,,,324
b,PHQ-9 stationary null,0.24474537450959125,,,324
b,PHQ-9 stationary null,0.19021055290804548,,,324
b,PHQ-9 stationary null,0.20628290761733836,,,324
b,PHQ-9 stationary null,0.2257530850819506,,,324
b,PHQ-9 stationary null,0.16890903997458398,,,324
b,PHQ-9 stationary null,0.1960646040572695,,,324
b,PHQ-9 stationary null,0.22738175518885748,,,324
b,PHQ-9 stationary null,0.16154364822099446,,,324
b,PHQ-9 stationary null,0.17715336200220563,,,324
b,PHQ-9 stationary null,0.17869139833342138,,,324
b,PHQ-9 stationary null,0.22799592603831276,,,324
b,PHQ-9 stationary null,0.2554495051394964,,,324
b,PHQ-9 stationary null,0.1883958266152311,,,324
b,PHQ-9 stationary null,0.1915359220574542,,,324
b,PHQ-9 stationary null,0.17864255582133143,,,324
b,PHQ-9 stationary null,0.13679372370030776,,,324
b,PHQ-9 stationary null,0.1509772923389987,,,324
b,PHQ-9 stationary null,0.20709222771618394,,,324
b,PHQ-9 stationary null,0.1697509192973205,,,324
b,PHQ-9 stationary null,0.13240485629671292,,,324
b,PHQ-9 stationary null,0.2201132632362645,,,324
b,PHQ-9 stationary null,0.15103537276292658,,,324
b,PHQ-9 stationary null,0.15345717596815106,,,324
b,PHQ-9 stationary null,0.18542671814039496,,,324
b,PHQ-9 stationary null,0.1522406862519355,,,324
b,PHQ-9 stationary null,0.1738890472155116,,,324
b,PHQ-9 stationary null,0.18376268663269002,,,324
b,PHQ-9 stationary null,0.2086918663067218,,,324
b,PHQ-9 stationary null,0.1951496900276132,,,324
b,PHQ-9 stationary null,0.18582318167268472,,,324
b,PHQ-9 stationary null,0.15246991019263023,,,324
b,PHQ-9 stationary null,0.202971862561681,,,324
b,PHQ-9 stationary null,0.1670476422317232,,,324
b,PHQ-9 stationary null,0.26537756220910913,,,324
b,PHQ-9 stationary null,0.20237690896690952,,,324
b,PHQ-9 stationary null,0.1519222470152223,,,324
b,PHQ-9 stationary null,0.1616879841606601,,,324
b,PHQ-9 stationary null,0.19895201414574615,,,324
b,PHQ-9 stationary null,0.2178901298210985,,,324
b,PHQ-9 stationary null,0.17781922409601628,,,324
b,PHQ-9 stationary null,0.16739689155843243,,,324
b,PHQ-9 stationary null,0.17629198554914124,,,324
b,PHQ-9 stationary null,0.13899272469330318,,,324
b,PHQ-9 stationary null,0.22304566943075343,,,324
b,PHQ-9 stationary null,0.17250248712256938,,,324
b,PHQ-9 stationary null,0.2112009793235123,,,324
b,PHQ-9 stationary null,0.1786682443302989,,,324
b,PHQ-9 stationary null,0.20511769535336372,,,324
b,PHQ-9 stationary null,0.15179811594564033,,,324
b,PHQ-9 stationary null,0.19663825813225613,,,324
b,PHQ-9 stationary null,0.13384661632391873,,,324
b,PHQ-9 stationary null,0.22447987153404655,,,324
b,PHQ-9 stationary null,0.17601367202301302,,,324
b,PHQ-9 stationary null,0.21258116662733179,,,324
b,PHQ-9 stationary null,0.18110957984253334,,,324
b,PHQ-9 stationary null,0.1518239387483803,,,324
b,PHQ-9 stationary null,0.17964842673842987,,,324
b,PHQ-9 stationary null,0.1964427110632559,,,324
b,PHQ-9 stationary null,0.20045697154704223,,,324
b,PHQ-9 stationary null,0.13665999348044774,,,324
b,PHQ-9 stationary null,0.22525612876893075,,,324
b,PHQ-9 stationary null,0.19381049704711226,,,324
b,PHQ-9 stationary null,0.19432418096751297,,,324
b,PHQ-9 stationary null,0.2014707870016597,,,324
b,PHQ-9 stationary null,0.22816493337537314,,,324
b,PHQ-9 stationary null,0.1776788658949078,,,324
b,PHQ-9 stationary null,0.1542954168064363,,,324
b,PHQ-9 stationary null,0.1847941847621726,,,324
b,PHQ-9 stationary null,0.16706970850196362,,,324
b,PHQ-9 stationary null,0.1868891978749803,,,324
b,PHQ-9 stationary null,0.19982785782078244,,,324
b,PHQ-9 stationary null,0.14390945482612233,,,324
b,PHQ-9 stationary null,0.22815178527951385,,,324
b,PHQ-9 stationary null,0.1868849540965071,,,324
b,PHQ-9 stationary null,0.19016465077036104,,,324
b,PHQ-9 stationary null,0.17578397082115804,,,324
b,PHQ-9 stationary null,0.14543277658719544,,,324
b,PHQ-9 stationary null,0.14210645773423286,,,324
b,PHQ-9 stationary null,0.18310703558221145,,,324
b,PHQ-9 stationary null,0.21008309516581367,,,324
b,PHQ-9 stationary null,0.19455700860441172,,,324
b,PHQ-9 stationary null,0.18075178094260724,,,324
b,PHQ-9 stationary null,0.1906252670671427,,,324
b,PHQ-9 stationary null,0.15187437105240942,,,324
b,PHQ-9 stationary null,0.15375286031644297,,,324
b,PHQ-9 stationary null,0.1831688866557234,,,324
b,PHQ-9 stationary null,0.17889660298212506,,,324
b,PHQ-9 stationary null,0.15890677763283031,,,324
b,PHQ-9 stationary null,0.19130967673260887,,,324
b,PHQ-9 stationary null,0.24175550556035444,,,324
b,PHQ-9 stationary null,0.12140710005516987,,,324
b,PHQ-9 stationary null,0.1536428499818848,,,324
b,PHQ-9 stationary null,0.18789968968321663,,,324
b,PHQ-9 stationary null,0.17486144221193728,,,324
b,PHQ-9 stationary null,0.16041968555691338,,,324
b,PHQ-9 stationary null,0.19274415518120694,,,324
b,PHQ-9 stationary null,0.1820805074868675,,,324
b,PHQ-9 stationary null,0.15927094965115227,,,324
b,PHQ-9 stationary null,0.19092322925904398,,,324
b,PHQ-9 stationary null,0.16538691829883304,,,324
b,PHQ-9 stationary null,0.19282594603099693,,,324
b,PHQ-9 stationary null,0.15635892499374582,,,324
b,PHQ-9 stationary null,0.15195398087468842,,,324
b,PHQ-9 stationary null,0.16023327001090854,,,324
b,PHQ-9 stationary null,0.205522117670253,,,324
b,PHQ-9 stationary null,0.17992025063318987,,,324
b,PHQ-9 stationary null,0.17896354435207956,,,324
b,PHQ-9 stationary null,0.13648470433918955,,,324
b,PHQ-9 stationary null,0.18145055679054645,,,324
b,PHQ-9 stationary null,0.1851772514885611,,,324
b,PHQ-9 stationary null,0.19057773134908407,,,324
b,PHQ-9 stationary null,0.20384856772014448,,,324
b,PHQ-9 stationary null,0.16453476267003744,,,324
b,PHQ-9 stationary null,0.18435893483265928,,,324
b,PHQ-9 stationary null,0.23179093697758646,,,324
b,PHQ-9 stationary null,0.2357145735675995,,,324
b,PHQ-9 stationary null,0.12258870516356134,,,324
b,PHQ-9 stationary null,0.17874884579385578,,,324
b,PHQ-9 stationary null,0.17492023531262818,,,324
b,PHQ-9 stationary null,0.1719912390117278,,,324
b,PHQ-9 stationary null,0.1817790097930818,,,324
b,PHQ-9 stationary null,0.1840230131653872,,,324
b,PHQ-9 stationary null,0.1494618870599864,,,324
b,PHQ-9 stationary null,0.2120144196373588,,,324
b,PHQ-9 stationary null,0.18247403159467987,,,324
b,PHQ-9 stationary null,0.1904563962249986,,,324
b,PHQ-9 stationary null,0.19117129690626758,,,324
b,PHQ-9 stationary null,0.18514162039694212,,,324
b,PHQ-9 stationary null,0.21173521265390408,,,324
b,PHQ-9 stationary null,0.18280031791788348,,,324
b,PHQ-9 stationary null,0.14934436652103328,,,324
b,PHQ-9 stationary null,0.13241054398647445,,,324
b,PHQ-9 stationary null,0.12180301154138971,,,324
b,PHQ-9 stationary null,0.18460579833895452,,,324
b,PHQ-9 stationary null,0.15477197540774784,,,324
b,PHQ-9 stationary null,0.1399403647449429,,,324
b,PHQ-9 stationary null,0.17160361790924283,,,324
b,PHQ-9 stationary null,0.20097468032744725,,,324
b,PHQ-9 stationary null,0.18236865320516824,,,324
b,PHQ-9 stationary null,0.17539835706190549,,,324
b,PHQ-9 stationary null,0.18041669888083836,,,324
b,PHQ-9 stationary null,0.16293423722383918,,,324
b,PHQ-9 stationary null,0.1883088256882023,,,324
b,PHQ-9 stationary null,0.1645281371958602,,,324
b,PHQ-9 stationary null,0.18931575710572784,,,324
b,PHQ-9 stationary null,0.15191418598889886,,,324
b,PHQ-9 stationary null,0.1431066925600997,,,324
b,PHQ-9 stationary null,0.21311660770865667,,,324
b,PHQ-9 stationary null,0.20059114932363656,,,324
b,PHQ-9 stationary null,0.15175224640119633,,,324
b,PHQ-9 stationary null,0.12920930607881162,,,324
b,PHQ-9 stationary null,0.14743868841343802,,,324
b,PHQ-9 stationary null,0.14426152116694618,,,324
b,PHQ-9 stationary null,0.17535308222180937,,,324
b,PHQ-9 stationary null,0.21617428134802802,,,324
b,PHQ-9 stationary null,0.19653270228124903,,,324
b,PHQ-9 stationary null,0.16952646052895065,,,324
b,PHQ-9 stationary null,0.1995806971417055,,,324
b,PHQ-9 stationary null,0.2081345055967459,,,324
b,PHQ-9 stationary null,0.15273224618343223,,,324
b,PHQ-9 stationary null,0.17361667544442747,,,324
b,PHQ-9 stationary null,0.10455887302678306,,,324
b,PHQ-9 stationary null,0.20947648326895257,,,324
b,PHQ-9 stationary null,0.16453998094871583,,,324
b,PHQ-9 stationary null,0.13494895714052252,,,324
b,PHQ-9 stationary null,0.17311539947912893,,,324
b,PHQ-9 stationary null,0.21890931410250902,,,324
b,PHQ-9 stationary null,0.2069533116961382,,,324
b,PHQ-9 stationary null,0.16443529527575462,,,324
b,PHQ-9 stationary null,0.19166685553962085,,,324
b,PHQ-9 stationary null,0.1651657539241272,,,324
b,PHQ-9 stationary null,0.1818158261306321,,,324
b,PHQ-9 stationary null,0.17345109683840018,,,324
b,PHQ-9 stationary null,0.16497462614247235,,,324
b,PHQ-9 stationary null,0.1993419480195134,,,324
b,PHQ-9 stationary null,0.21176952004366265,,,324
b,PHQ-9 stationary null,0.17139254118842237,,,324
b,PHQ-9 stationary null,0.179918377333081,,,324
b,PHQ-9 stationary null,0.19202482055098694,,,324
b,PHQ-9 stationary null,0.21125286719932587,,,324
b,PHQ-9 stationary null,0.1198280139051886,,,324
b,PHQ-9 stationary null,0.16714635407293207,,,324
b,PHQ-9 stationary null,0.18194189185408827,,,324
b,PHQ-9 stationary null,0.16438634129022262,,,324
b,PHQ-9 stationary null,0.18081779726538705,,,324
b,PHQ-9 stationary null,0.1352332959946433,,,324
b,PHQ-9 stationary null,0.1366216988681149,,,324
b,PHQ-9 stationary null,0.15544864740156233,,,324
b,PHQ-9 stationary null,0.23122330485976972,,,324
b,PHQ-9 stationary null,0.1562284111329467,,,324
b,PHQ-9 stationary null,0.1894114473788072,,,324
b,PHQ-9 stationary null,0.19408659793853883,,,324
b,PHQ-9 stationary null,0.20683975920053854,,,324
b,PHQ-9 stationary null,0.16826830890835545,,,324
b,PHQ-9 stationary null,0.18084254650579612,,,324
b,PHQ-9 stationary null,0.10290121776441868,,,324
b,PHQ-9 stationary null,0.19187711495143436,,,324
b,PHQ-9 stationary null,0.167427257160108,,,324
b,PHQ-9 stationary null,0.20828465819708628,,,324
b,PHQ-9 stationary null,0.136781151109055,,,324
b,PHQ-9 stationary null,0.21123108607280963,,,324
b,PHQ-9 stationary null,0.17710011634712086,,,324
b,PHQ-9 stationary null,0.1746945587767919,,,324
b,PHQ-9 stationary null,0.1671330614997707,,,324
b,PHQ-9 stationary null,0.1421113220853165,,,324
b,PHQ-9 stationary null,0.157340617703308,,,324
b,PHQ-9 stationary null,0.1562067812976362,,,324
b,PHQ-9 stationary null,0.1902843993951194,,,324
b,PHQ-9 stationary null,0.1412845686694837,,,324
b,PHQ-9 stationary null,0.15103697012550316,,,324
b,PHQ-9 stationary null,0.17769266600354292,,,324
b,PHQ-9 stationary null,0.22370837899280746,,,324
b,PHQ-9 stationary null,0.12170265549735004,,,324
b,PHQ-9 stationary null,0.14045496841344726,,,324
b,PHQ-9 stationary null,0.163444851375253,,,324
b,PHQ-9 stationary null,0.20766374505508395,,,324
b,PHQ-9 stationary null,0.155428359869068,,,324
b,PHQ-9 stationary null,0.1751786521973759,,,324
b,PHQ-9 stationary null,0.199114872192733,,,324
b,PHQ-9 stationary null,0.19060858608218967,,,324
b,PHQ-9 stationary null,0.15154421862540088,,,324
b,PHQ-9 stationary null,0.17052974975041307,,,324
b,PHQ-9 stationary null,0.13841729469508285,,,324
b,PHQ-9 stationary null,0.20887757204553595,,,324
b,PHQ-9 stationary null,0.20846628505016132,,,324
b,PHQ-9 stationary null,0.18592480887443463,,,324
b,PHQ-9 stationary null,0.1972670269616618,,,324
b,PHQ-9 stationary null,0.1749293747886826,,,324
b,PHQ-9 stationary null,0.197145178394542,,,324
b,PHQ-9 stationary null,0.19324352895849659,,,324
b,PHQ-9 stationary null,0.16994033892431862,,,324
b,PHQ-9 stationary null,0.16673319506974157,,,324
b,PHQ-9 stationary null,0.15959984426103258,,,324
b,PHQ-9 stationary null,0.1992565390446776,,,324
b,PHQ-9 stationary null,0.17065518256838452,,,324
b,PHQ-9 stationary null,0.13388138360476276,,,324
b,PHQ-9 stationary null,0.20169101173091974,,,324
b,PHQ-9 stationary null,0.1537574315713957,,,324
b,PHQ-9 stationary null,0.1777619665271365,,,324
b,PHQ-9 stationary null,0.15623098968272678,,,324
b,PHQ-9 stationary null,0.15054026335844536,,,324
b,PHQ-9 stationary null,0.1830946941168794,,,324
b,PHQ-9 stationary null,0.15543119956064028,,,324
b,PHQ-9 stationary null,0.1858578964531132,,,324
b,PHQ-9 stationary null,0.16002974516544327,,,324
b,PHQ-9 stationary null,0.14043871290932028,,,324
b,PHQ-9 stationary null,0.2028858251227555,,,324
b,PHQ-9 stationary null,0.16520256483662832,,,324
b,PHQ-9 stationary null,0.15553440893216558,,,324
b,PHQ-9 stationary null,0.17021474862619937,,,324
b,PHQ-9 stationary null,0.125931396311767,,,324
b,PHQ-9 stationary null,0.1766923420613517,,,324
b,PHQ-9 stationary null,0.1840854840413102,,,324
b,PHQ-9 stationary null,0.1601292431511527,,,324
b,PHQ-9 stationary null,0.16085992007087366,,,324
b,PHQ-9 stationary null,0.11984951346385588,,,324
b,PHQ-9 stationary null,0.18506353012750884,,,324
b,PHQ-9 stationary null,0.13736244174293255,,,324
b,PHQ-9 stationary null,0.20154360437741434,,,324
b,PHQ-9 stationary null,0.13607299888816965,,,324
b,PHQ-9 stationary null,0.19310463645032647,,,324
b,PHQ-9 stationary null,0.11959766055044939,,,324
b,PHQ-9 stationary null,0.1873606825216753,,,324
b,PHQ-9 stationary null,0.22889985264277515,,,324
b,PHQ-9 stationary null,0.19254337503759997,,,324
b,PHQ-9 stationary null,0.2165845966206239,,,324
b,PHQ-9 stationary null,0.1594217882207029,,,324
b,PHQ-9 stationary null,0.12567983411606196,,,324
b,PHQ-9 stationary null,0.17459450759035777,,,324
b,PHQ-9 stationary null,0.1588683660353746,,,324
b,PHQ-9 stationary null,0.15228712708032058,,,324
b,PHQ-9 stationary null,0.2048637668603986,,,324
b,PHQ-9 stationary null,0.15715561805529712,,,324
b,PHQ-9 stationary null,0.18075843110072665,,,324
b,PHQ-9 stationary null,0.18952166158588177,,,324
b,PHQ-9 stationary null,0.22190502690830757,,,324
b,PHQ-9 stationary null,0.1463057705171653,,,324
b,PHQ-9 stationary null,0.19065631723033044,,,324
b,PHQ-9 stationary null,0.12739783522413148,,,324
b,PHQ-9 stationary null,0.1982141610011677,,,324
b,PHQ-9 stationary null,0.15948475812559262,,,324
b,PHQ-9 stationary null,0.14948613640747965,,,324
b,PHQ-9 stationary null,0.21674143562970455,,,324
b,PHQ-9 stationary null,0.17897371458602124,,,324
b,PHQ-9 stationary null,0.21286846009351135,,,324
b,PHQ-9 stationary null,0.18476545984594747,,,324
b,PHQ-9 stationary null,0.17896522753677302,,,324
b,PHQ-9 stationary null,0.1407907344341362,,,324
b,PHQ-9 stationary null,0.12813305310329498,,,324
b,PHQ-9 stationary null,0.17820838795538627,,,324
b,PHQ-9 stationary null,0.22486697994754637,,,324
b,PHQ-9 stationary null,0.1934709288747704,,,324
b,PHQ-9 stationary null,0.2113734445021676,,,324
b,PHQ-9 stationary null,0.12446772377094394,,,324
b,PHQ-9 stationary null,0.17935052987265623,,,324
b,PHQ-9 stationary null,0.1894215402111356,,,324
b,PHQ-9 stationary null,0.21753579377376814,,,324
b,PHQ-9 stationary null,0.1581251471040763,,,324
b,PHQ-9 stationary null,0.16563615884999747,,,324
b,PHQ-9 stationary null,0.21104779343783475,,,324
b,PHQ-9 stationary null,0.13135071158282008,,,324
b,PHQ-9 stationary null,0.1704176335283051,,,324
b,PHQ-9 stationary null,0.1360550931848557,,,324
b,PHQ-9 stationary null,0.21305990722116264,,,324
b,PHQ-9 stationary null,0.14218943162156938,,,324
b,PHQ-9 stationary null,0.17421787944574457,,,324
b,PHQ-9 stationary null,0.16804572158337547,,,324
b,PHQ-9 stationary null,0.20983892940541474,,,324
b,PHQ-9 stationary null,0.17658799440509035,,,324
b,PHQ-9 stationary null,0.15914778411369132,,,324
b,PHQ-9 stationary null,0.2299759431797547,,,324
b,PHQ-9 stationary null,0.1623357871070689,,,324
b,PHQ-9 stationary null,0.1595666514773504,,,324
b,PHQ-9 stationary null,0.18450958932058947,,,324
b,PHQ-9 stationary null,0.17998700487147443,,,324
b,PHQ-9 stationary null,0.111620263922148,,,324
b,PHQ-9 stationary null,0.21151500369219634,,,324
b,PHQ-9 stationary null,0.180195440844471,,,324
b,PHQ-9 stationary null,0.18164222695299054,,,324
b,PHQ-9 stationary null,0.1650175549978859,,,324
b,PHQ-9 stationary null,0.18943199660154617,,,324
b,PHQ-9 stationary null,0.20229565560349194,,,324
b,PHQ-9 stationary null,0.1884822040070826,,,324
b,PHQ-9 stationary null,0.18432654466582343,,,324
b,PHQ-9 stationary null,0.1654186178889863,,,324
b,PHQ-9 stationary null,0.14741845431871606,,,324
b,PHQ-9 stationary null,0.17559467631776698,,,324
b,PHQ-9 stationary null,0.1519887802403447,,,324
b,PHQ-9 stationary null,0.195022475620202,,,324
b,PHQ-9 stationary null,0.13516697527125024,,,324
b,PHQ-9 stationary null,0.12954588848019385,,,324
b,PHQ-9 stationary null,0.2319877302415555,,,324
b,PHQ-9 stationary null,0.12059803621345093,,,324
b,PHQ-9 stationary null,0.20085096345723827,,,324
b,PHQ-9 stationary null,0.1057262095689623,,,324
b,PHQ-9 stationary null,0.1649579097616051,,,324
b,PHQ-9 stationary null,0.11452706344180784,,,324
b,PHQ-9 stationary null,0.14917131963745425,,,324
b,PHQ-9 stationary null,0.16744442387658168,,,324
b,PHQ-9 stationary null,0.15775353941357625,,,324
b,PHQ-9 stationary null,0.25006354558398836,,,324
b,PHQ-9 stationary null,0.2210511886646536,,,324
b,PHQ-9 stationary null,0.18918513865242848,,,324
b,PHQ-9 stationary null,0.1725121011010803,,,324
b,PHQ-9 stationary null,0.13594046368862822,,,324
b,PHQ-9 stationary null,0.16395303886683174,,,324
b,PHQ-9 stationary null,0.17046893487201345,,,324
b,PHQ-9 stationary null,0.22849543799440827,,,324
b,PHQ-9 stationary null,0.15351074550321672,,,324
b,PHQ-9 stationary null,0.13935683469771534,,,324
b,PHQ-9 stationary null,0.20931567907117704,,,324
b,PHQ-9 stationary null,0.19839214733595792,,,324
b,PHQ-9 stationary null,0.17408356749061468,,,324
b,PHQ-9 stationary null,0.16239138006005788,,,324
b,PHQ-9 stationary null,0.23456141597842964,,,324
b,PHQ-9 stationary null,0.16173334965450634,,,324
b,PHQ-9 stationary null,0.1321677280740267,,,324
b,PHQ-9 stationary null,0.15035544113370333,,,324
b,PHQ-9 stationary null,0.13291414002322408,,,324
b,PHQ-9 stationary null,0.18302284145237877,,,324
b,PHQ-9 stationary null,0.18856152849384147,,,324
b,PHQ-9 stationary null,0.21696315402767827,,,324
b,PHQ-9 stationary null,0.16030196756521495,,,324
b,PHQ-9 stationary null,0.14824066410517256,,,324
b,PHQ-9 stationary null,0.1727105692415311,,,324
b,PHQ-9 stationary null,0.10464511681720526,,,324
b,PHQ-9 stationary null,0.1086485388876525,,,324
b,PHQ-9 stationary null,0.19019813333556979,,,324
b,PHQ-9 stationary null,0.11389672371695925,,,324
b,PHQ-9 stationary null,0.23788822148882238,,,324
b,PHQ-9 stationary null,0.15479075631141473,,,324
b,PHQ-9 stationary null,0.15019221339330077,,,324
b,PHQ-9 stationary null,0.19935198953113797,,,324
b,PHQ-9 stationary null,0.15047415752479049,,,324
b,PHQ-9 stationary null,0.1571289870303498,,,324
b,PHQ-9 stationary null,0.19021857810287449,,,324
b,PHQ-9 stationary null,0.20781181580065777,,,324
b,PHQ-9 stationary null,0.1853801262417108,,,324
b,PHQ-9 stationary null,0.17067447462130958,,,324
b,PHQ-9 stationary null,0.15338686157380527,,,324
b,PHQ-9 stationary null,0.16943239937480073,,,324
b,PHQ-9 stationary null,0.12560554561051615,,,324
b,PHQ-9 stationary null,0.1655057059814855,,,324
b,PHQ-9 stationary null,0.16343365937348775,,,324
b,PHQ-9 stationary null,0.1850941263629285,,,324
b,PHQ-9 stationary null,0.2424755811783448,,,324
b,PHQ-9 stationary null,0.24309123775997177,,,324
b,PHQ-9 stationary null,0.16837315488451904,,,324
b,PHQ-9 stationary null,0.2024190335487393,,,324
b,PHQ-9 stationary null,0.16671145846786867,,,324
b,PHQ-9 stationary null,0.15518792845715607,,,324
b,PHQ-9 stationary null,0.2086476840944545,,,324
b,PHQ-9 stationary null,0.21834158812504129,,,324
b,PHQ-9 stationary null,0.15818604094544458,,,324
b,PHQ-9 stationary null,0.14787113683607966,,,324
b,PHQ-9 stationary null,0.16825474337680454,,,324
b,PHQ-9 stationary null,0.193252711386316,,,324
b,PHQ-9 stationary null,0.1473860612200448,,,324
b,PHQ-9 stationary null,0.16332263622391732,,,324
b,PHQ-9 stationary null,0.14846960487715188,,,324
b,PHQ-9 stationary null,0.19632245455074648,,,324
b,PHQ-9 stationary null,0.10810203082617538,,,324
b,PHQ-9 stationary null,0.17310016364908157,,,324
b,PHQ-9 stationary null,0.14776370158846533,,,324
b,PHQ-9 stationary null,0.15381629992349927,,,324
b,PHQ-9 stationary null,0.1670682418621357,,,324
b,PHQ-9 stationary null,0.2047703796364536,,,324
b,PHQ-9 stationary null,0.1515397086600021,,,324
b,PHQ-9 stationary null,0.17719587573444257,,,324
b,PHQ-9 stationary null,0.15615896252450429,,,324
b,PHQ-9 stationary null,0.1808676627490248,,,324
b,PHQ-9 stationary null,0.18199694479984174,,,324
b,PHQ-9 stationary null,0.1986900353817498,,,324
b,PHQ-9 stationary null,0.1367798325702947,,,324
b,PHQ-9 stationary null,0.17721291342116724,,,324
b,PHQ-9 stationary null,0.16135625105935053,,,324
b,PHQ-9 stationary null,0.2026956522452256,,,324
b,PHQ-9 stationary null,0.16769542857713363,,,324
b,PHQ-9 stationary null,0.1390713462310048,,,324
b,PHQ-9 stationary null,0.20679744396378932,,,324
b,PHQ-9 stationary null,0.14676388626013917,,,324
b,PHQ-9 stationary null,0.1820619497059887,,,324
b,PHQ-9 stationary null,0.11990540224110029,,,324
b,PHQ-9 stationary null,0.168663233079842,,,324
b,PHQ-9 stationary null,0.16639378611842295,,,324
b,PHQ-9 stationary null,0.13759094672258365,,,324
b,PHQ-9 stationary null,0.1717853577141844,,,324
b,PHQ-9 stationary null,0.2406240232190842,,,324
b,PHQ-9 stationary null,0.1548790441180562,,,324
b,PHQ-9 stationary null,0.13506216412813293,,,324
b,PHQ-9 stationary null,0.19162503120429103,,,324
b,PHQ-9 stationary null,0.16341963107551294,,,324
b,PHQ-9 stationary null,0.11955183852581164,,,324
b,PHQ-9 stationary null,0.19511364892493874,,,324
b,PHQ-9 stationary null,0.23561765398495554,,,324
b,PHQ-9 stationary null,0.12378050767178747,,,324
b,PHQ-9 stationary null,0.21157312898492514,,,324
b,PHQ-9 stationary null,0.12526886514314814,,,324
b,PHQ-9 stationary null,0.1680747976127574,,,324
b,PHQ-9 stationary null,0.16274107078113112,,,324
b,PHQ-9 stationary null,0.14772796180613537,,,324
b,PHQ-9 stationary null,0.15450133115480386,,,324
b,PHQ-9 stationary null,0.16653138146893937,,,324
b,PHQ-9 stationary null,0.1825913576557488,,,324
b,PHQ-9 stationary null,0.10923516787667241,,,324
b,PHQ-9 stationary null,0.17332394275120047,,,324
b,PHQ-9 stationary null,0.16607989409034185,,,324
b,PHQ-9 stationary null,0.20520546275329293,,,324
b,PHQ-9 stationary null,0.1458110208411944,,,324
b,PHQ-9 stationary null,0.13426016143445735,,,324
b,PHQ-9 stationary null,0.18612005896213968,,,324
b,PHQ-9 stationary null,0.17101940567687446,,,324
b,PHQ-9 stationary null,0.13481062786676365,,,324
b,PHQ-9 stationary null,0.15533837836461903,,,324
b,PHQ-9 stationary null,0.24434967021625234,,,324
b,PHQ-9 stationary null,0.1493167684678604,,,324
b,PHQ-9 stationary null,0.222716616462885,,,324
b,PHQ-9 stationary null,0.18662701805573972,,,324
b,PHQ-9 stationary null,0.18496751143256268,,,324
b,PHQ-9 stationary null,0.14198707123820398,,,324
b,PHQ-9 stationary null,0.17940796558277403,,,324
b,PHQ-9 stationary null,0.16112083969082505,,,324
b,PHQ-9 stationary null,0.1823389467599932,,,324
b,PHQ-9 stationary null,0.22121024648205498,,,324
b,PHQ-9 stationary null,0.20144135408067243,,,324
b,PHQ-9 stationary null,0.1799406230521123,,,324
b,PHQ-9 stationary null,0.19504360598945775,,,324
b,PHQ-9 stationary null,0.11879489023920942,,,324
b,PHQ-9 stationary null,0.17459064215916367,,,324
b,PHQ-9 stationary null,0.17138323328268748,,,324
b,PHQ-9 stationary null,0.158733817641238,,,324
b,PHQ-9 stationary null,0.19141198157749711,,,324
b,PHQ-9 stationary null,0.15942757005264754,,,324
b,PHQ-9 stationary null,0.1827099491685697,,,324
b,PHQ-9 stationary null,0.1437129001885428,,,324
b,PHQ-9 stationary null,0.1671104442657451,,,324
b,PHQ-9 stationary null,0.18153621271423798,,,324
b,PHQ-9 stationary null,0.18356078331492848,,,324
b,PHQ-9 stationary null,0.1972254530846254,,,324
b,PHQ-9 stationary null,0.20867569667699667,,,324
b,PHQ-9 stationary null,0.15947794301788284,,,324
b,PHQ-9 stationary null,0.16873800519540136,,,324
b,PHQ-9 stationary null,0.14744063178038327,,,324
b,PHQ-9 stationary null,0.1608996224192423,,,324
b,PHQ-9 stationary null,0.1515165844396426,,,324
b,PHQ-9 stationary null,0.17320610679388496,,,324
b,PHQ-9 stationary null,0.1735286517511459,,,324
b,PHQ-9 stationary null,0.18101306025939912,,,324
b,PHQ-9 stationary null,0.19007241339135175,,,324
b,PHQ-9 stationary null,0.1646173069595574,,,324
b,PHQ-9 stationary null,0.18357683752990767,,,324
b,PHQ-9 stationary null,0.18848848672822807,,,324
b,PHQ-9 stationary null,0.12166147222784415,,,324
b,PHQ-9 stationary null,0.1745467191327369,,,324
b,PHQ-9 stationary null,0.15461991474442136,,,324
b,PHQ-9 stationary null,0.173803497091163,,,324
b,PHQ-9 stationary null,0.2143465550782555,,,324
b,PHQ-9 stationary null,0.27176204023127415,,,324
b,PHQ-9 stationary null,0.15748940547193935,,,324
b,PHQ-9 stationary null,0.18721054656807345,,,324
b,PHQ-9 stationary null,0.15434919844030096,,,324
b,PHQ-9 stationary null,0.17931479327571032,,,324
b,PHQ-9 stationary null,0.15087232953085672,,,324
b,PHQ-9 stationary null,0.18326947555477677,,,324
b,PHQ-9 stationary null,0.13651791507362687,,,324
b,PHQ-9 stationary null,0.1358049095064216,,,324
b,PHQ-9 stationary null,0.15046412906937778,,,324
b,PHQ-9 stationary null,0.25703185841917425,,,324
b,PHQ-9 stationary null,0.20493121579940013,,,324
b,PHQ-9 stationary null,0.1736435867440545,,,324
b,PHQ-9 stationary null,0.16466500836244524,,,324
b,PHQ-9 stationary null,0.17158795917663128,,,324
b,PHQ-9 stationary null,0.17415620476766508,,,324
b,PHQ-9 stationary null,0.14019982579729795,,,324
b,PHQ-9 stationary null,0.17036515327240864,,,324
b,PHQ-9 stationary null,0.16680632876845303,,,324
b,PHQ-9 stationary null,0.16687735338026705,,,324
b,PHQ-9 stationary null,0.18652854269654223,,,324
b,PHQ-9 stationary null,0.1275772916694155,,,324
b,PHQ-9 stationary null,0.17821811895331996,,,324
b,PHQ-9 stationary null,0.1708212088242675,,,324
b,PHQ-9 stationary null,0.1840576320384157,,,324
b,PHQ-9 stationary null,0.15502329875959642,,,324
b,PHQ-9 stationary null,0.1761924839600139,,,324
b,PHQ-9 stationary null,0.1635452133799781,,,324
b,PHQ-9 stationary null,0.1940154696448399,,,324
b,PHQ-9 stationary null,0.15134836074822555,,,324
b,PHQ-9 stationary null,0.20030182937514707,,,324
b,PHQ-9 stationary null,0.15035392769179948,,,324
b,PHQ-9 stationary null,0.1747973795446408,,,324
b,PHQ-9 stationary null,0.16647935931404484,,,324
b,PHQ-9 stationary null,0.16636461122950086,,,324
b,PHQ-9 stationary null,0.19462358869785257,,,324
b,PHQ-9 stationary null,0.17468327308918435,,,324
b,PHQ-9 stationary null,0.20985300324363948,,,324
b,PHQ-9 stationary null,0.1774781108519622,,,324
b,PHQ-9 stationary null,0.16360379824448157,,,324
b,PHQ-9 stationary null,0.15503982791133936,,,324
b,PHQ-9 stationary null,0.19649658602685546,,,324
b,PHQ-9 stationary null,0.20696685364989661,,,324
b,PHQ-9 stationary null,0.1509982235189907,,,324
b,PHQ-9 stationary null,0.16881799464989836,,,324
b,PHQ-9 stationary null,0.14761877199809526,,,324
b,PHQ-9 stationary null,0.22623548104063626,,,324
b,PHQ-9 stationary null,0.2019047365105297,,,324
b,PHQ-9 stationary null,0.14848729652331982,,,324
b,PHQ-9 stationary null,0.13099734503022897,,,324
b,PHQ-9 stationary null,0.23381101481883274,,,324
b,PHQ-9 stationary null,0.19389279527401856,,,324
b,PHQ-9 stationary null,0.158042065610944,,,324
b,PHQ-9 stationary null,0.13647157042927915,,,324
b,PHQ-9 stationary null,0.15963885849749004,,,324
b,PHQ-9 stationary null,0.17045848081755366,,,324
b,PHQ-9 stationary null,0.19269218134160693,,,324
b,PHQ-9 stationary null,0.16677122615558676,,,324
b,PHQ-9 stationary null,0.19516943310816193,,,324
b,PHQ-9 stationary null,0.21058068896152812,,,324
b,PHQ-9 stationary null,0.14717582402492302,,,324
b,PHQ-9 stationary null,0.18839212807240185,,,324
b,PHQ-9 stationary null,0.16895597315728358,,,324
b,PHQ-9 stationary null,0.11927126162501256,,,324
b,PHQ-9 stationary null,0.2044831710038739,,,324
b,PHQ-9 stationary null,0.1582287787825417,,,324
b,PHQ-9 stationary null,0.2099657263159673,,,324
b,PHQ-9 stationary null,0.15875294164971376,,,324
b,PHQ-9 stationary null,0.17450338855204653,,,324
b,PHQ-9 stationary null,0.1389934348577883,,,324
b,PHQ-9 stationary null,0.2105231648877258,,,324
b,PHQ-9 stationary null,0.2182794464532676,,,324
b,PHQ-9 stationary null,0.16621672084005001,,,324
b,PHQ-9 stationary null,0.15937775688972503,,,324
b,PHQ-9 stationary null,0.15125474153823074,,,324
b,PHQ-9 stationary null,0.1901598481686191,,,324
b,PHQ-9 stationary null,0.18466757198439346,,,324
b,PHQ-9 stationary null,0.15501470219802838,,,324
b,PHQ-9 stationary null,0.14745529908665253,,,324
b,PHQ-9 stationary null,0.19524600528418445,,,324
b,PHQ-9 stationary null,0.12191126199307352,,,324
b,PHQ-9 stationary null,0.14965576667365801,,,324
b,PHQ-9 stationary null,0.15340632762838186,,,324
b,PHQ-9 stationary null,0.17604194447134663,,,324
b,PHQ-9 stationary null,0.15762318204688303,,,324
b,PHQ-9 stationary null,0.20287163481154438,,,324
b,PHQ-9 stationary null,0.10732011516476474,,,324
b,PHQ-9 stationary null,0.20370037550378275,,,324
b,PHQ-9 stationary null,0.1589453393659279,,,324
b,PHQ-9 stationary null,0.15916392224861978,,,324
b,PHQ-9 stationary null,0.205609183046814,,,324
b,PHQ-9 stationary null,0.14017629274184573,,,324
b,PHQ-9 stationary null,0.17387910300008952,,,324
b,PHQ-9 stationary null,0.16869994685533907,,,324
b,PHQ-9 stationary null,0.19063063039448827,,,324
b,PHQ-9 stationary null,0.15542209202448914,,,324
b,PHQ-9 stationary null,0.1720472497434338,,,324
b,PHQ-9 stationary null,0.2171010620234608,,,324
b,PHQ-9 stationary null,0.21988845652156228,,,324
b,PHQ-9 stationary null,0.18501065954583837,,,324
b,PHQ-9 stationary null,0.10614418018960464,,,324
b,PHQ-9 stationary null,0.17723366774023394,,,324
b,PHQ-9 stationary null,0.18335281374655196,,,324
b,PHQ-9 stationary null,0.19380708058529464,,,324
b,PHQ-9 stationary null,0.22510372950183027,,,324
b,PHQ-9 stationary null,0.19961347061679066,,,324
b,PHQ-9 stationary null,0.14064947706326578,,,324
b,PHQ-9 stationary null,0.15803701659197833,,,324
b,PHQ-9 stationary null,0.13911546199046837,,,324
b,PHQ-9 stationary null,0.17554922854335261,,,324
b,PHQ-9 stationary null,0.17379659678095674,,,324
b,PHQ-9 stationary null,0.16699629835892882,,,324
b,PHQ-9 stationary null,0.17032500748220325,,,324
b,PHQ-9 stationary null,0.17377749357454225,,,324
b,PHQ-9 stationary null,0.1593077400836544,,,324
b,PHQ-9 stationary null,0.15286191699236062,,,324
b,PHQ-9 stationary null,0.16505905777498822,,,324
b,PHQ-9 stationary null,0.13809305072165545,,,324
b,PHQ-9 stationary null,0.1318420726134203,,,324
b,PHQ-9 stationary null,0.1766395986944773,,,324
b,PHQ-9 stationary null,0.1551449215069212,,,324
b,PHQ-9 stationary null,0.13606650184747573,,,324
b,PHQ-9 stationary null,0.18229959406303695,,,324
b,PHQ-9 stationary null,0.1413616808200434,,,324
b,PHQ-9 stationary null,0.16027788759117295,,,324
b,PHQ-9 stationary null,0.19046602852260305,,,324
b,PHQ-9 stationary null,0.1651655353021083,,,324
b,PHQ-9 stationary null,0.16454879573250975,,,324
b,PHQ-9 stationary null,0.1854053008146703,,,324
b,PHQ-9 stationary null,0.14937771902992286,,,324
b,PHQ-9 stationary null,0.16377449858790408,,,324
b,PHQ-9 stationary null,0.15162189248675376,,,324
b,PHQ-9 stationary null,0.24240901198039808,,,324
b,PHQ-9 stationary null,0.14797117278188243,,,324
b,PHQ-9 stationary null,0.20573719951134092,,,324
b,PHQ-9 stationary null,0.17518881266211508,,,324
b,PHQ-9 stationary null,0.18886627254324895,,,324
b,PHQ-9 stationary null,0.17812205468830372,,,324
b,PHQ-9 stationary null,0.11284923443960848,,,324
b,PHQ-9 stationary null,0.23037897552058922,,,324
b,PHQ-9 stationary null,0.1680325269549557,,,324
b,PHQ-9 stationary null,0.1783595530259748,,,324
b,PHQ-9 stationary null,0.1738903839805901,,,324
b,PHQ-9 stationary null,0.10761106189123536,,,324
b,PHQ-9 stationary null,0.18906270174531112,,,324
b,PHQ-9 stationary null,0.2237621869789933,,,324
b,PHQ-9 stationary null,0.14499297551231283,,,324
b,PHQ-9 stationary null,0.13587252643299205,,,324
b,PHQ-9 stationary null,0.2043956550370289,,,324
b,PHQ-9 stationary null,0.14695099268515946,,,324
b,PHQ-9 stationary null,0.1974988961967235,,,324
b,PHQ-9 stationary null,0.14240330019085842,,,324
b,PHQ-9 stationary null,0.15528945279264472,,,324
b,PHQ-9 stationary null,0.22488110871606357,,,324
b,PHQ-9 stationary null,0.20122166062849164,,,324
b,PHQ-9 stationary null,0.20164880865673074,,,324
b,PHQ-9 stationary null,0.20391688517860462,,,324
b,PHQ-9 stationary null,0.19358148099616534,,,324
b,PHQ-9 stationary null,0.21254813659978378,,,324
b,PHQ-9 stationary null,0.1678886810570525,,,324
b,PHQ-9 stationary null,0.15435942516170942,,,324
b,PHQ-9 stationary null,0.1510294254969211,,,324
b,PHQ-9 stationary null,0.17870137261338329,,,324
b,PHQ-9 stationary null,0.15092333154888274,,,324
b,PHQ-9 stationary null,0.18417644829259458,,,324
b,PHQ-9 stationary null,0.12009996196211666,,,324
b,PHQ-9 stationary null,0.16954140975046936,,,324
b,PHQ-9 stationary null,0.18180965414269173,,,324
b,PHQ-9 stationary null,0.1514486125514483,,,324
b,PHQ-9 stationary null,0.1912053405370564,,,324
b,PHQ-9 stationary null,0.1910037085429545,,,324
b,PHQ-9 stationary null,0.15748364176124027,,,324
b,PHQ-9 stationary null,0.21017026076397302,,,324
b,PHQ-9 stationary null,0.17404197830759802,,,324
b,PHQ-9 stationary null,0.1775210452044169,,,324
b,PHQ-9 stationary null,0.18774034426705247,,,324
b,PHQ-9 stationary null,0.11678024281890827,,,324
b,PHQ-9 stationary null,0.1194232343114593,,,324
b,PHQ-9 stationary null,0.1554400779114509,,,324
b,PHQ-9 stationary null,0.21098334917983652,,,324
b,PHQ-9 stationary null,0.18445525440147773,,,324
b,PHQ-9 stationary null,0.1889874519145773,,,324
b,PHQ-9 stationary null,0.10888125568885808,,,324
b,PHQ-9 stationary null,0.23721713650418888,,,324
b,PHQ-9 stationary null,0.1909392356451365,,,324
b,PHQ-9 stationary null,0.10571982255037024,,,324
b,PHQ-9 stationary null,0.15858395095726344,,,324
b,PHQ-9 stationary null,0.19572367578960193,,,324
b,PHQ-9 stationary null,0.10180780670559489,,,324
b,PHQ-9 stationary null,0.19559884969883362,,,324
b,PHQ-9 stationary null,0.17937829730216479,,,324
b,PHQ-9 stationary null,0.2156472458546339,,,324
b,PHQ-9 stationary null,0.15871274747942204,,,324
b,PHQ-9 stationary null,0.1882555131119031,,,324
b,PHQ-9 stationary null,0.16652914429526583,,,324
b,PHQ-9 stationary null,0.18584922591346612,,,324
b,PHQ-9 stationary null,0.19645874816987938,,,324
b,PHQ-9 stationary null,0.17224846596838891,,,324
b,PHQ-9 stationary null,0.1622997539833495,,,324
b,PHQ-9 stationary null,0.16469641241634125,,,324
b,PHQ-9 stationary null,0.21345481539991507,,,324
b,PHQ-9 stationary null,0.2055991816553079,,,324
b,PHQ-9 stationary null,0.1431079585021527,,,324
b,PHQ-9 stationary null,0.21822190721080054,,,324
b,PHQ-9 stationary null,0.1716445405957742,,,324
b,PHQ-9 stationary null,0.19925303265342698,,,324
b,PHQ-9 stationary null,0.12434963393342993,,,324
b,PHQ-9 stationary null,0.19427952611289317,,,324
b,PHQ-9 stationary null,0.1633717122104801,,,324
b,PHQ-9 stationary null,0.206642966184842,,,324
b,PHQ-9 stationary null,0.25557781687160774,,,324
b,PHQ-9 stationary null,0.19062477683644705,,,324
b,PHQ-9 stationary null,0.12458506801925816,,,324
b,PHQ-9 stationary null,0.19739191634897923,,,324
b,PHQ-9 stationary null,0.18011350184723215,,,324
b,PHQ-9 stationary null,0.21318678536867253,,,324
b,PHQ-9 stationary null,0.16503074065079326,,,324
b,PHQ-9 stationary null,0.1781830716150462,,,324
b,PHQ-9 stationary null,0.16247985607846335,,,324
b,PHQ-9 stationary null,0.1520405869314692,,,324
b,PHQ-9 stationary null,0.18048483273433027,,,324
b,PHQ-9 stationary null,0.15941899182284922,,,324
b,PHQ-9 stationary null,0.17263076653307582,,,324
b,PHQ-9 stationary null,0.15359558639188575,,,324
b,PHQ-9 stationary null,0.15700591579624107,,,324
b,PHQ-9 stationary null,0.15259568062780252,,,324
b,PHQ-9 stationary null,0.17741423546150767,,,324
b,PHQ-9 stationary null,0.17393270779255995,,,324
b,PHQ-9 stationary null,0.11448485562727598,,,324
b,PHQ-9 stationary null,0.0997930223059095,,,324
b,PHQ-9 stationary null,0.17516529685416546,,,324
b,PHQ-9 stationary null,0.1753938781393464,,,324
b,PHQ-9 stationary null,0.21314961329615892,,,324
b,PHQ-9 stationary null,0.15223751221791393,,,324
b,PHQ-9 stationary null,0.23188833114780574,,,324
b,PHQ-9 stationary null,0.14139856583985208,,,324
b,PHQ-9 stationary null,0.17643256528035367,,,324
b,PHQ-9 stationary null,0.2078421739014105,,,324
b,PHQ-9 stationary null,0.17345665899925405,,,324
b,PHQ-9 stationary null,0.1781101846200101,,,324
b,PHQ-9 stationary null,0.178833731756035,,,324
b,PHQ-9 stationary null,0.13618761503863377,,,324
b,PHQ-9 stationary null,0.1794824897253126,,,324
b,PHQ-9 stationary null,0.1924721283050689,,,324
b,PHQ-9 stationary null,0.17564305504537028,,,324
b,PHQ-9 stationary null,0.1415729632119844,,,324
b,PHQ-9 stationary null,0.1547459240988131,,,324
b,PHQ-9 stationary null,0.17485264701599873,,,324
b,PHQ-9 stationary null,0.1647465491252693,,,324
b,PHQ-9 stationary null,0.13964911525293283,,,324
b,PHQ-9 stationary null,0.1579885474293511,,,324
b,PHQ-9 stationary null,0.17470841799582618,,,324
b,PHQ-9 stationary null,0.18923244037717568,,,324
b,PHQ-9 stationary null,0.1623183758413468,,,324
b,PHQ-9 stationary null,0.14853465069475363,,,324
b,PHQ-9 stationary null,0.1916158053528535,,,324
b,PHQ-9 stationary null,0.10428428166980434,,,324
b,PHQ-9 stationary null,0.17452126952952177,,,324
b,PHQ-9 stationary null,0.1361804930015435,,,324
b,PHQ-9 stationary null,0.1780668122036949,,,324
b,PHQ-9 stationary null,0.17115963363301617,,,324
b,PHQ-9 stationary null,0.17356950221559667,,,324
b,PHQ-9 stationary null,0.1459265828975055,,,324
b,PHQ-9 stationary null,0.1364825159056745,,,324
b,PHQ-9 stationary null,0.18246560754063357,,,324
b,PHQ-9 stationary null,0.1229568900912607,,,324
b,PHQ-9 stationary null,0.1561930984410982,,,324
b,PHQ-9 stationary null,0.1627395697819061,,,324
b,PHQ-9 stationary null,0.16023914781518028,,,324
b,PHQ-9 stationary null,0.20845640904128881,,,324
b,PHQ-9 stationary null,0.15383341051475927,,,324
b,PHQ-9 stationary null,0.17683205427206813,,,324
b,PHQ-9 stationary null,0.17646222563464065,,,324
b,PHQ-9 stationary null,0.1364174243453545,,,324
b,PHQ-9 stationary null,0.1553234324042867,,,324
b,PHQ-9 stationary null,0.17729037834106173,,,324
b,PHQ-9 stationary null,0.18437185834427186,,,324
b,PHQ-9 stationary null,0.1569738250042641,,,324
b,PHQ-9 stationary null,0.14730616544976058,,,324
b,PHQ-9 stationary null,0.1786424313528712,,,324
b,PHQ-9 stationary null,0.12146686120216701,,,324
b,PHQ-9 stationary null,0.18187903029910021,,,324
b,PHQ-9 stationary null,0.17605149182894436,,,324
b,PHQ-9 stationary null,0.12921604114075588,,,324
b,PHQ-9 stationary null,0.17242620734321606,,,324
b,PHQ-9 stationary null,0.147909009448258,,,324
b,PHQ-9 stationary null,0.15630733135978744,,,324
b,PHQ-9 stationary null,0.21624064174896038,,,324
b,PHQ-9 stationary null,0.18056041154588892,,,324
b,PHQ-9 stationary null,0.16883475070507425,,,324
b,PHQ-9 stationary null,0.1936981359332689,,,324
b,PHQ-9 stationary null,0.16892744267357182,,,324
b,PHQ-9 stationary null,0.1782335504493905,,,324
b,PHQ-9 stationary null,0.1796146413597913,,,324
b,PHQ-9 stationary null,0.1960030810041134,,,324
b,PHQ-9 stationary null,0.17974550886499846,,,324
b,PHQ-9 stationary null,0.19629803509672858,,,324
b,PHQ-9 stationary null,0.13035387222590503,,,324
b,PHQ-9 stationary null,0.15607666267273632,,,324
b,PHQ-9 stationary null,0.14497219989525792,,,324
b,PHQ-9 stationary null,0.1911640738993461,,,324
b,PHQ-9 stationary null,0.18252111360892456,,,324
b,PHQ-9 stationary null,0.18317426564606507,,,324
b,PHQ-9 stationary null,0.1757464474766016,,,324
b,PHQ-9 stationary null,0.15758996531745775,,,324
b,PHQ-9 stationary null,0.17373003246694657,,,324
b,PHQ-9 stationary null,0.18259455329146984,,,324
b,PHQ-9 stationary null,0.15223217792426216,,,324
b,PHQ-9 stationary null,0.17258918697015904,,,324
b,PHQ-9 stationary null,0.12854442956867201,,,324
b,PHQ-9 stationary null,0.18927926286538999,,,324
b,PHQ-9 stationary null,0.13391675812521645,,,324
b,PHQ-9 stationary null,0.13312965359958834,,,324
b,PHQ-9 stationary null,0.21580291332182172,,,324
b,PHQ-9 stationary null,0.14528508615388794,,,324
b,PHQ-9 stationary null,0.14867967709739227,,,324
b,PHQ-9 stationary null,0.13713108189898526,,,324
b,PHQ-9 stationary null,0.18049211500379816,,,324
b,PHQ-9 stationary null,0.19943501707114622,,,324
b,PHQ-9 stationary null,0.16077123143243063,,,324
b,PHQ-9 stationary null,0.15763520855014004,,,324
b,PHQ-9 stationary null,0.17810420403225316,,,324
b,PHQ-9 stationary null,0.2016534660902821,,,324
b,PHQ-9 stationary null,0.12683553038536688,,,324
b,PHQ-9 stationary null,0.14074620455197587,,,324
b,PHQ-9 stationary null,0.1272865789897438,,,324
b,PHQ-9 stationary null,0.16736569431771062,,,324
b,PHQ-9 stationary null,0.20202304506686916,,,324
b,PHQ-9 stationary null,0.20695279101844524,,,324
b,PHQ-9 stationary null,0.15003188729029354,,,324
b,PHQ-9 stationary null,0.1669708202880151,,,324
b,PHQ-9 stationary null,0.17862822159630837,,,324
b,PHQ-9 stationary null,0.26643845905814645,,,324
b,PHQ-9 stationary null,0.18978904886432402,,,324
b,PHQ-9 stationary null,0.1902809145576124,,,324
b,PHQ-9 stationary null,0.21227857083836008,,,324
b,PHQ-9 stationary null,0.22947810857448153,,,324
b,PHQ-9 stationary null,0.2038841675835682,,,324
b,PHQ-9 stationary null,0.14748371278245195,,,324
b,PHQ-9 stationary null,0.19991847444319472,,,324
b,PHQ-9 stationary null,0.17057645828016282,,,324
b,PHQ-9 stationary null,0.11782006779940203,,,324
b,PHQ-9 stationary null,0.1602089191342484,,,324
b,PHQ-9 stationary null,0.14049230542741328,,,324
b,PHQ-9 stationary null,0.20280871743570214,,,324
b,PHQ-9 stationary null,0.16509490886455483,,,324
b,PHQ-9 stationary null,0.15817146704634844,,,324
b,PHQ-9 stationary null,0.1603730248152265,,,324
b,PHQ-9 stationary null,0.19474792916927747,,,324
b,PHQ-9 stationary null,0.182461659746927,,,324
b,PHQ-9 stationary null,0.1852127623832635,,,324
b,PHQ-9 stationary null,0.12643159667264012,,,324
b,PHQ-9 stationary null,0.1648398511245467,,,324
b,PHQ-9 stationary null,0.17878457061026456,,,324
b,PHQ-9 stationary null,0.1702267710121619,,,324
b,PHQ-9 stationary null,0.18178084609602788,,,324
b,PHQ-9 stationary null,0.20677121684170105,,,324
b,PHQ-9 stationary null,0.16764685809683072,,,324
b,PHQ-9 stationary null,0.1475368125996849,,,324
b,PHQ-9 stationary null,0.23131066167530798,,,324
b,PHQ-9 stationary null,0.1924119197861356,,,324
b,PHQ-9 stationary null,0.15609140944358557,,,324
b,PHQ-9 stationary null,0.2261373577261634,,,324
b,PHQ-9 stationary null,0.1673169758027969,,,324
b,PHQ-9 stationary null,0.16565006257224446,,,324
b,PHQ-9 stationary null,0.2168626464717155,,,324
b,PHQ-9 stationary null,0.16765093481563662,,,324
b,PHQ-9 stationary null,0.15240786795189448,,,324
b,PHQ-9 stationary null,0.16696225128749964,,,324
b,PHQ-9 stationary null,0.16928795695375906,,,324
b,PHQ-9 stationary null,0.16596640788565242,,,324
b,PHQ-9 stationary null,0.171807259442339,,,324
b,PHQ-9 stationary null,0.10566291270613366,,,324
b,PHQ-9 stationary null,0.17570813667275748,,,324
b,PHQ-9 stationary null,0.21172497338010918,,,324
b,PHQ-9 stationary null,0.15359690410468307,,,324
b,PHQ-9 stationary null,0.21136420743504983,,,324
b,PHQ-9 stationary null,0.18029415598177276,,,324
b,PHQ-9 stationary null,0.1660586453190868,,,324
b,PHQ-9 stationary null,0.2071584565676645,,,324
b,PHQ-9 stationary null,0.1556301834129568,,,324
b,PHQ-9 stationary null,0.13860233913207598,,,324
b,PHQ-9 stationary null,0.13907117405766858,,,324
b,PHQ-9 stationary null,0.1720382775091088,,,324
b,PHQ-9 stationary null,0.20635325876877963,,,324
b,PHQ-9 stationary null,0.1699165182204381,,,324
b,PHQ-9 stationary null,0.17879142040125398,,,324
b,PHQ-9 stationary null,0.199002765463114,,,324
b,PHQ-9 stationary null,0.17612411044135393,,,324
b,PHQ-9 stationary null,0.1645929826371222,,,324
b,PHQ-9 stationary null,0.15741859432346647,,,324
b,PHQ-9 stationary null,0.1893104874368967,,,324
b,PHQ-9 stationary null,0.14592161196292724,,,324
b,PHQ-9 stationary null,0.17417346507239448,,,324
b,PHQ-9 stationary null,0.1861617792115263,,,324
b,PHQ-9 stationary null,0.1799260885440523,,,324
b,PHQ-9 stationary null,0.1823463598134416,,,324
b,PHQ-9 stationary null,0.17269309931679167,,,324
b,PHQ-9 stationary null,0.14938378779088385,,,324
b,PHQ-9 stationary null,0.20140123140775326,,,324
b,PHQ-9 stationary null,0.16449160167282492,,,324
b,PHQ-9 stationary null,0.19672059881307447,,,324
b,PHQ-9 stationary null,0.1836496093219594,,,324
b,PHQ-9 stationary null,0.1940505117596044,,,324
b,PHQ-9 stationary null,0.1757017088893919,,,324
b,PHQ-9 stationary null,0.18094640395333822,,,324
b,PHQ-9 stationary null,0.1395502246396957,,,324
b,PHQ-9 stationary null,0.18256247971121717,,,324
b,PHQ-9 stationary null,0.14237477409340177,,,324
b,PHQ-9 stationary null,0.2107665438910767,,,324
b,PHQ-9 stationary null,0.17235464015905821,,,324
b,PHQ-9 stationary null,0.16529060129378578,,,324
b,PHQ-9 stationary null,0.1619970064585248,,,324
b,PHQ-9 stationary null,0.19029044113584373,,,324
b,PHQ-9 stationary null,0.16984983120243874,,,324
b,PHQ-9 stationary null,0.15281735773701294,,,324
b,PHQ-9 stationary null,0.2145207938794384,,,324
b,PHQ-9 stationary null,0.2184112623913405,,,324
b,PHQ-9 stationary null,0.16386915092922577,,,324
b,PHQ-9 stationary null,0.17535509398897908,,,324
b,PHQ-9 stationary null,0.12723005130687728,,,324
b,PHQ-9 stationary null,0.1702365357012618,,,324
b,PHQ-9 stationary null,0.14117531975586603,,,324
b,PHQ-9 stationary null,0.15667230000495916,,,324
b,PHQ-9 stationary null,0.14665711522635275,,,324
b,PHQ-9 stationary null,0.1865531398148447,,,324
b,PHQ-9 stationary null,0.13165531995279411,,,324
b,PHQ-9 stationary null,0.17763841156725638,,,324
b,PHQ-9 stationary null,0.08515593793247786,,,324
b,PHQ-9 stationary null,0.19354801163793622,,,324
b,PHQ-9 stationary null,0.19528276146041487,,,324
b,PHQ-9 stationary null,0.15997725328674087,,,324
b,PHQ-9 stationary null,0.15560822254656895,,,324
b,PHQ-9 stationary null,0.198392631131231,,,324
b,PHQ-9 stationary null,0.12944549724906734,,,324
b,PHQ-9 stationary null,0.19900005110636787,,,324
b,PHQ-9 stationary null,0.1680061576954313,,,324
b,PHQ-9 stationary null,0.21225448510311914,,,324
b,PHQ-9 stationary null,0.20008060723211185,,,324
b,PHQ-9 stationary null,0.17968353676014276,,,324
b,PHQ-9 stationary null,0.23853888959597025,,,324
b,PHQ-9 stationary null,0.15942768900541532,,,324
b,PHQ-9 stationary null,0.17645035779124496,,,324
b,PHQ-9 stationary null,0.20115091490664855,,,324
b,PHQ-9 stationary null,0.18288713993603808,,,324
b,PHQ-9 stationary null,0.17459281418559866,,,324
b,PHQ-9 stationary null,0.23321680559088004,,,324
b,PHQ-9 stationary null,0.19320062213630532,,,324
b,PHQ-9 stationary null,0.19674901492603142,,,324
b,PHQ-9 stationary null,0.18434576167159963,,,324
b,PHQ-9 stationary null,0.18348449961480753,,,324
b,PHQ-9 stationary null,0.16416145450116645,,,324
b,PHQ-9 stationary null,0.1869958539874094,,,324
b,PHQ-9 stationary null,0.134618833337159,,,324
b,PHQ-9 stationary null,0.1861368026747868,,,324
b,PHQ-9 stationary null,0.21122624317645383,,,324
b,PHQ-9 stationary null,0.18690990003196878,,,324
b,PHQ-9 stationary null,0.14062567389908937,,,324
b,PHQ-9 stationary null,0.18169065580611124,,,324
b,PHQ-9 stationary null,0.16002180245380562,,,324
b,PHQ-9 stationary null,0.1833592564452081,,,324
b,PHQ-9 stationary null,0.2062704910844412,,,324
b,PHQ-9 stationary null,0.20213071287148762,,,324
b,PHQ-9 stationary null,0.1621871778120366,,,324
b,PHQ-9 stationary null,0.17605762063867447,,,324
b,PHQ-9 stationary null,0.16897450638181113,,,324
b,PHQ-9 stationary null,0.16275870559569766,,,324
b,PHQ-9 stationary null,0.2038692760946449,,,324
b,PHQ-9 stationary null,0.1685747399302837,,,324
b,PHQ-9 stationary null,0.14843392018964655,,,324
b,PHQ-9 stationary null,0.16776141134244207,,,324
b,PHQ-9 stationary null,0.1945587788705572,,,324
b,PHQ-9 stationary null,0.23908848440757152,,,324
b,PHQ-9 stationary null,0.17685603085001994,,,324
b,PHQ-9 stationary null,0.22970228402153692,,,324
b,PHQ-9 stationary null,0.15230386270466273,,,324
b,PHQ-9 stationary null,0.17924651450760645,,,324
b,PHQ-9 stationary null,0.19781427176095132,,,324
b,PHQ-9 stationary null,0.18347137475579758,,,324
b,PHQ-9 stationary null,0.17566221668765622,,,324
b,PHQ-9 stationary null,0.21965855952211838,,,324
b,PHQ-9 stationary null,0.1630795875469737,,,324
b,PHQ-9 stationary null,0.18605884439019044,,,324
b,PHQ-9 stationary null,0.19509386892298014,,,324
b,PHQ-9 stationary null,0.13631029343851728,,,324
b,PHQ-9 stationary null,0.15942094517724426,,,324
b,PHQ-9 stationary null,0.2004871378787699,,,324
b,PHQ-9 stationary null,0.22276715839724018,,,324
b,PHQ-9 stationary null,0.1992680243192062,,,324
b,PHQ-9 stationary null,0.16512318454811983,,,324
b,PHQ-9 stationary null,0.16125814882702125,,,324
b,PHQ-9 stationary null,0.2030761578405613,,,324
b,PHQ-9 stationary null,0.10509867381448966,,,324
b,PHQ-9 stationary null,0.17957555000566808,,,324
b,PHQ-9 stationary null,0.17390641486402098,,,324
b,PHQ-9 stationary null,0.20477549915143917,,,324
b,PHQ-9 stationary null,0.15448116494652023,,,324
b,PHQ-9 stationary null,0.22159204286246872,,,324
b,PHQ-9 stationary null,0.1603865297203323,,,324
b,PHQ-9 stationary null,0.13639879598700055,,,324
b,PHQ-9 stationary null,0.19193734272997826,,,324
b,PHQ-9 stationary null,0.17505695271155244,,,324
b,PHQ-9 stationary null,0.165602418347211,,,324
b,PHQ-9 stationary null,0.19840861596809867,,,324
b,PHQ-9 stationary null,0.1621733958451215,,,324
b,PHQ-9 stationary null,0.1393980685787533,,,324
b,PHQ-9 stationary null,0.20750516486083553,,,324
b,PHQ-9 stationary null,0.18996993272318136,,,324
b,PHQ-9 stationary null,0.19446093340181958,,,324
b,PHQ-9 stationary null,0.15829549437741164,,,324
b,PHQ-9 stationary null,0.19986698675776857,,,324
b,PHQ-9 stationary null,0.20343200342227127,,,324
b,PHQ-9 stationary null,0.1468362350442264,,,324
b,PHQ-9 stationary null,0.20267875583822467,,,324
b,PHQ-9 stationary null,0.16285918684123046,,,324
b,PHQ-9 stationary null,0.15274898337018325,,,324
b,PHQ-9 stationary null,0.17981470756369416,,,324
b,PHQ-9 stationary null,0.16563193382660318,,,324
b,PHQ-9 stationary null,0.19711253415160251,,,324
b,PHQ-9 stationary null,0.20800016369616214,,,324
b,PHQ-9 stationary null,0.1556217013213424,,,324
b,PHQ-9 stationary null,0.18377922545754236,,,324
b,PHQ-9 stationary null,0.2069045598250343,,,324
b,PHQ-9 stationary null,0.16917450036822299,,,324
b,PHQ-9 stationary null,0.20944192116581128,,,324
b,PHQ-9 stationary null,0.2094351849444184,,,324
b,PHQ-9 stationary null,0.20529915563633588,,,324
b,PHQ-9 stationary null,0.1995978907327893,,,324
b,PHQ-9 stationary null,0.16735276773812116,,,324
b,PHQ-9 stationary null,0.21941116681956516,,,324
b,PHQ-9 stationary null,0.1805205206641512,,,324
b,PHQ-9 stationary null,0.15621352701656963,,,324
b,PHQ-9 stationary null,0.16023139604644035,,,324
b,PHQ-9 stationary null,0.1636419719692434,,,324
b,PHQ-9 stationary null,0.12158659032555622,,,324
b,PHQ-9 stationary null,0.18677218312535535,,,324
b,PHQ-9 stationary null,0.16065443145373764,,,324
b,PHQ-9 stationary null,0.17842552461415778,,,324
b,PHQ-9 stationary null,0.14746782736594105,,,324
b,PHQ-9 stationary null,0.17202850212828905,,,324
b,PHQ-9 stationary null,0.14434142149525944,,,324
b,PHQ-9 stationary null,0.1305978307309551,,,324
b,PHQ-9 stationary null,0.12058171514225315,,,324
b,PHQ-9 stationary null,0.17332030519872693,,,324
b,PHQ-9 stationary null,0.1343612745767411,,,324
b,PHQ-9 stationary null,0.15991112431907423,,,324
b,PHQ-9 stationary null,0.1699712327431975,,,324
b,PHQ-9 stationary null,0.18967756590433077,,,324
b,PHQ-9 stationary null,0.1957118492629108,,,324
b,PHQ-9 stationary null,0.17348361466471332,,,324
b,PHQ-9 stationary null,0.14896165035704761,,,324
b,PHQ-9 stationary null,0.200949305145946,,,324
b,PHQ-9 stationary null,0.15476367334552926,,,324
b,PHQ-9 stationary null,0.12163620065791925,,,324
b,PHQ-9 stationary null,0.14999070725582345,,,324
b,PHQ-9 stationary null,0.13904224890267977,,,324
b,PHQ-9 stationary null,0.20148068196870195,,,324
b,PHQ-9 stationary null,0.16459800476183292,,,324
b,PHQ-9 stationary null,0.16641112035782146,,,324
b,PHQ-9 stationary null,0.17603861446027672,,,324
b,PHQ-9 stationary null,0.17946144074290854,,,324
b,PHQ-9 stationary null,0.20057269408813141,,,324
b,PHQ-9 stationary null,0.16298663740595423,,,324
b,PHQ-9 stationary null,0.18502450572329754,,,324
b,PHQ-9 stationary null,0.1758950732882826,,,324
b,PHQ-9 stationary null,0.12711831390528877,,,324
b,PHQ-9 stationary null,0.20257704591886772,,,324
b,PHQ-9 stationary null,0.13969251848868455,,,324
b,PHQ-9 stationary null,0.14979950993011232,,,324
b,PHQ-9 stationary null,0.19504822663030447,,,324
b,PHQ-9 stationary null,0.14101952766118528,,,324
b,PHQ-9 stationary null,0.19952621892041492,,,324
b,PHQ-9 stationary null,0.15490454433052084,,,324
b,PHQ-9 stationary null,0.18167674729583122,,,324
b,PHQ-9 stationary null,0.14738621101152952,,,324
b,PHQ-9 stationary null,0.19750617348503766,,,324
b,PHQ-9 stationary null,0.22918489866244873,,,324
b,PHQ-9 stationary null,0.186855505703853,,,324
b,PHQ-9 stationary null,0.20407566699395807,,,324
b,PHQ-9 stationary null,0.17016818833355746,,,324
b,PHQ-9 stationary null,0.228448583027202,,,324
b,PHQ-9 stationary null,0.17271954131571973,,,324
b,PHQ-9 stationary null,0.18586010141233528,,,324
b,PHQ-9 stationary null,0.1546771838993546,,,324
b,PHQ-9 stationary null,0.16329165864070547,,,324
b,PHQ-9 stationary null,0.18600197562451135,,,324
b,PHQ-9 stationary null,0.14108686490505107,,,324
b,PHQ-9 stationary null,0.16086071462297333,,,324
b,PHQ-9 stationary null,0.2418133468377684,,,324
b,PHQ-9 stationary null,0.21253875539461742,,,324
b,PHQ-9 stationary null,0.13575006078894405,,,324
b,PHQ-9 stationary null,0.2036566114335343,,,324
b,PHQ-9 stationary null,0.17609739190624035,,,324
b,PHQ-9 stationary null,0.1921791627113807,,,324
b,PHQ-9 stationary null,0.14698501070903905,,,324
b,PHQ-9 stationary null,0.10031439047556491,,,324
b,PHQ-9 stationary null,0.13250078304676732,,,324
b,PHQ-9 stationary null,0.16416302642223304,,,324
b,PHQ-9 stationary null,0.19298377466897404,,,324
b,PHQ-9 stationary null,0.19246831806396622,,,324
b,PHQ-9 stationary null,0.2366220822540931,,,324
b,PHQ-9 stationary null,0.15989858254068667,,,324
b,PHQ-9 stationary null,0.1755199643496482,,,324
b,PHQ-9 stationary null,0.192444017263718,,,324
b,PHQ-9 stationary null,0.13171988861171555,,,324
b,PHQ-9 stationary null,0.18122099994466112,,,324
b,PHQ-9 stationary null,0.17449761268179872,,,324
b,PHQ-9 stationary null,0.17781809293881062,,,324
b,PHQ-9 stationary null,0.17326649257459148,,,324
b,PHQ-9 stationary null,0.19273349501937423,,,324
b,PHQ-9 stationary null,0.1603467329303014,,,324
b,PHQ-9 stationary null,0.20643137337876835,,,324
b,PHQ-9 stationary null,0.15586998122027274,,,324
b,PHQ-9 stationary null,0.16915437561762361,,,324
b,PHQ-9 stationary null,0.1462466689074198,,,324
b,PHQ-9 stationary null,0.17982940531096842,,,324
b,PHQ-9 stationary null,0.21142575336391137,,,324
b,PHQ-9 stationary null,0.19495516469226878,,,324
b,PHQ-9 stationary null,0.19094759699130445,,,324
b,PHQ-9 stationary null,0.15980147956502583,,,324
b,PHQ-9 stationary null,0.16328307143265045,,,324
b,PHQ-9 stationary null,0.18089772559851588,,,324
b,PHQ-9 stationary null,0.2831828911646757,,,324
b,PHQ-9 stationary null,0.15221341355409138,,,324
b,PHQ-9 stationary null,0.1605409681621706,,,324
b,PHQ-9 stationary null,0.17643675977921525,,,324
b,PHQ-9 stationary null,0.17196288188880726,,,324
b,PHQ-9 stationary null,0.16818536625395594,,,324
b,PHQ-9 stationary null,0.13039941991848245,,,324
b,PHQ-9 stationary null,0.14667593432282466,,,324
b,PHQ-9 stationary null,0.20515906793839658,,,324
b,PHQ-9 stationary null,0.15144082956028868,,,324
b,PHQ-9 stationary null,0.1726128480303327,,,324
b,PHQ-9 stationary null,0.17580985070440552,,,324
b,PHQ-9 stationary null,0.15125450916736155,,,324
b,PHQ-9 stationary null,0.20396007648429654,,,324
b,PHQ-9 stationary null,0.2202998834017297,,,324
b,PHQ-9 stationary null,0.14875252787572799,,,324
b,PHQ-9 stationary null,0.15925814798427618,,,324
b,PHQ-9 stationary null,0.17529176221862344,,,324
b,PHQ-9 stationary null,0.19643915297439452,,,324
b,PHQ-9 stationary null,0.243514345433876,,,324
b,PHQ-9 stationary null,0.2073928760732818,,,324
b,PHQ-9 stationary null,0.1930263728347659,,,324
b,PHQ-9 stationary null,0.1868791895847491,,,324
b,PHQ-9 stationary null,0.21206217086232612,,,324
b,PHQ-9 stationary null,0.19056487499938082,,,324
b,PHQ-9 stationary null,0.1930848221199278,,,324
b,PHQ-9 stationary null,0.2178644768090461,,,324
b,PHQ-9 stationary null,0.16252151218182848,,,324
b,PHQ-9 stationary null,0.15172029017145125,,,324
b,PHQ-9 stationary null,0.16230435430754983,,,324
b,PHQ-9 stationary null,0.1810644483536906,,,324
b,PHQ-9 stationary null,0.17576161450746966,,,324
b,PHQ-9 stationary null,0.19301905631642222,,,324
b,PHQ-9 stationary null,0.21104548664091827,,,324
b,PHQ-9 stationary null,0.16411504958361992,,,324
b,PHQ-9 stationary null,0.1719273928865341,,,324
b,PHQ-9 stationary null,0.19879076116007974,,,324
b,PHQ-9 stationary null,0.17718573226190487,,,324
b,PHQ-9 stationary null,0.24905741611182333,,,324
b,PHQ-9 stationary null,0.157316812185645,,,324
b,PHQ-9 stationary null,0.2145935014487882,,,324
b,PHQ-9 stationary null,0.21544106039536798,,,324
b,PHQ-9 stationary null,0.16713262354617978,,,324
b,PHQ-9 stationary null,0.16010544285122202,,,324
b,PHQ-9 stationary null,0.18232462328085464,,,324
b,PHQ-9 stationary null,0.20421306984305446,,,324
b,PHQ-9 stationary null,0.19024130778604018,,,324
b,PHQ-9 stationary null,0.16515195911779798,,,324
b,PHQ-9 stationary null,0.18013635715228635,,,324
b,PHQ-9 stationary null,0.22138055419304822,,,324
b,PHQ-9 stationary null,0.18757177475962866,,,324
b,PHQ-9 stationary null,0.17033063398453033,,,324
b,PHQ-9 stationary null,0.17085353333515219,,,324
b,PHQ-9 stationary null,0.18451278689028106,,,324
b,PHQ-9 stationary null,0.1857549981804799,,,324
b,PHQ-9 stationary null,0.17670084558334978,,,324
b,PHQ-9 stationary null,0.16385698380829433,,,324
b,PHQ-9 stationary null,0.14392879325207533,,,324
b,PHQ-9 stationary null,0.15983301953172685,,,324
b,PHQ-9 stationary null,0.1641144666457007,,,324
b,PHQ-9 stationary null,0.10745522625808436,,,324
b,PHQ-9 stationary null,0.15963671149248249,,,324
b,PHQ-9 stationary null,0.24809394528534803,,,324
b,PHQ-9 stationary null,0.13986584168504196,,,324
b,PHQ-9 stationary null,0.22342401759405456,,,324
b,PHQ-9 stationary null,0.1641853561968585,,,324
b,PHQ-9 stationary null,0.15942064714352822,,,324
b,PHQ-9 stationary null,0.1127516971680679,,,324
b,PHQ-9 stationary null,0.1553658429922141,,,324
b,PHQ-9 stationary null,0.21268379135518262,,,324
b,PHQ-9 stationary null,0.16726047591265455,,,324
b,PHQ-9 stationary null,0.1676259704532316,,,324
b,PHQ-9 stationary null,0.17859478162453007,,,324
b,PHQ-9 stationary null,0.12920094274664023,,,324
b,PHQ-9 stationary null,0.15117143099740213,,,324
b,PHQ-9 stationary null,0.1922353848142635,,,324
b,PHQ-9 stationary null,0.15955733964504976,,,324
b,PHQ-9 stationary null,0.14141063307968907,,,324
b,PHQ-9 stationary null,0.16257673730761027,,,324
b,PHQ-9 stationary null,0.17480154529336725,,,324
b,PHQ-9 stationary null,0.1293273133678164,,,324
b,PHQ-9 stationary null,0.2191678943431521,,,324
b,PHQ-9 stationary null,0.16722381470183598,,,324
b,PHQ-9 stationary null,0.1504596204368397,,,324
b,PHQ-9 stationary null,0.14905113884273377,,,324
b,PHQ-9 stationary null,0.18798731027262344,,,324
b,PHQ-9 stationary null,0.18917148947634735,,,324
b,PHQ-9 stationary null,0.14565495466957804,,,324
b,PHQ-9 stationary null,0.17248124084049726,,,324
b,PHQ-9 stationary null,0.18340024330750307,,,324
b,PHQ-9 stationary null,0.13657261113508454,,,324
b,PHQ-9 stationary null,0.1724189565498572,,,324
b,PHQ-9 stationary null,0.16022199386051134,,,324
b,PHQ-9 stationary null,0.18116544173192597,,,324
b,PHQ-9 stationary null,0.21553545906216592,,,324
b,PHQ-9 stationary null,0.20153966425994188,,,324
b,PHQ-9 stationary null,0.14383526248921777,,,324
b,PHQ-9 stationary null,0.18580616167322908,,,324
b,PHQ-9 stationary null,0.1680956248856369,,,324
b,PHQ-9 stationary null,0.188184152628016,,,324
b,PHQ-9 stationary null,0.1650714339297869,,,324
b,PHQ-9 stationary null,0.15592013144113523,,,324
b,PHQ-9 stationary null,0.1548865126318397,,,324
b,PHQ-9 stationary null,0.20646473974945678,,,324
b,PHQ-9 stationary null,0.1141376008230303,,,324
b,PHQ-9 stationary null,0.1701145558496929,,,324
b,PHQ-9 stationary null,0.14919101458959305,,,324
b,PHQ-9 stationary null,0.13362845793696554,,,324
b,PHQ-9 stationary null,0.17774643830510925,,,324
b,PHQ-9 stationary null,0.17748324072868138,,,324
b,PHQ-9 stationary null,0.13811133082361562,,,324
b,PHQ-9 stationary null,0.19600927401408255,,,324
b,PHQ-9 stationary null,0.18380079078215839,,,324
b,PHQ-9 stationary null,0.15872677103645613,,,324
b,PHQ-9 stationary null,0.1610139098936423,,,324
b,PHQ-9 stationary null,0.14546560161650723,,,324
b,PHQ-9 stationary null,0.15202883208904577,,,324
b,PHQ-9 stationary null,0.2057630798508323,,,324
b,PHQ-9 stationary null,0.1646946655636597,,,324
b,PHQ-9 stationary null,0.16734657146396434,,,324
b,PHQ-9 stationary null,0.21082402617307508,,,324
b,PHQ-9 stationary null,0.1394265533552674,,,324
b,PHQ-9 stationary null,0.16523623306062274,,,324
b,PHQ-9 stationary null,0.15164698135642307,,,324
b,PHQ-9 stationary null,0.13986558609918215,,,324
b,PHQ-9 stationary null,0.18290382520144158,,,324
b,PHQ-9 stationary null,0.20318244551210024,,,324
b,PHQ-9 stationary null,0.2042939627019203,,,324
b,PHQ-9 stationary null,0.20845004188134902,,,324
b,PHQ-9 stationary null,0.17394606271449126,,,324
b,PHQ-9 stationary null,0.1499832069380409,,,324
b,PHQ-9 stationary null,0.13669740601068892,,,324
b,PHQ-9 stationary null,0.20636970096133658,,,324
b,PHQ-9 stationary null,0.16072567368006369,,,324
b,PHQ-9 stationary null,0.1674917307054173,,,324
b,PHQ-9 stationary null,0.16197944354773372,,,324
b,PHQ-9 stationary null,0.1625592214659139,,,324
b,PHQ-9 stationary null,0.18808749388971177,,,324
b,PHQ-9 stationary null,0.16067746078896833,,,324
b,PHQ-9 stationary null,0.17054509956158095,,,324
b,PHQ-9 stationary null,0.2051821699097253,,,324
b,PHQ-9 stationary null,0.1727871614473387,,,324
b,PHQ-9 stationary null,0.21496409922686904,,,324
b,PHQ-9 stationary null,0.21312422696374514,,,324
b,PHQ-9 stationary null,0.12536945692185225,,,324
b,PHQ-9 stationary null,0.1816734152829933,,,324
b,PHQ-9 stationary null,0.2195912984618855,,,324
b,PHQ-9 stationary null,0.17971428940643047,,,324
b,PHQ-9 stationary null,0.14055047241363341,,,324
b,PHQ-9 stationary null,0.17456799026030037,,,324
b,PHQ-9 stationary null,0.16594096448938556,,,324
b,PHQ-9 stationary null,0.1498193990615168,,,324
b,PHQ-9 stationary null,0.1590597788220518,,,324
b,PHQ-9 stationary null,0.15048908022722843,,,324
b,PHQ-9 stationary null,0.1757667218327817,,,324
b,PHQ-9 stationary null,0.19369653606775683,,,324
b,PHQ-9 stationary null,0.19850016674850798,,,324
b,PHQ-9 stationary null,0.13971295248550336,,,324
b,PHQ-9 stationary null,0.1940278393650719,,,324
b,PHQ-9 stationary null,0.23020433936609627,,,324
b,PHQ-9 stationary null,0.1639291421137694,,,324
b,PHQ-9 stationary null,0.15392723419181623,,,324
b,PHQ-9 stationary null,0.1652513367534481,,,324
b,PHQ-9 stationary null,0.13139799689506718,,,324
b,PHQ-9 stationary null,0.19321343239443176,,,324
b,PHQ-9 stationary null,0.17125608261032058,,,324
b,PHQ-9 stationary null,0.15890270601221967,,,324
b,PHQ-9 stationary null,0.16640731928521926,,,324
b,PHQ-9 stationary null,0.12870045979216121,,,324
b,PHQ-9 stationary null,0.15085502086479774,,,324
b,PHQ-9 stationary null,0.16196377054084463,,,324
b,PHQ-9 stationary null,0.18251857508202637,,,324
b,PHQ-9 stationary null,0.15641700669259329,,,324
b,PHQ-9 stationary null,0.16506955756540825,,,324
b,PHQ-9 stationary null,0.2387791133821798,,,324
b,PHQ-9 stationary null,0.13217699212548362,,,324
b,PHQ-9 stationary null,0.1505846751315163,,,324
b,PHQ-9 stationary null,0.1507990116056021,,,324
b,PHQ-9 stationary null,0.14124430698904408,,,324
b,PHQ-9 stationary null,0.15405850816983202,,,324
b,PHQ-9 stationary null,0.16920836617367538,,,324
b,PHQ-9 stationary null,0.1584913066197912,,,324
b,PHQ-9 stationary null,0.19982488139678597,,,324
b,PHQ-9 stationary null,0.1987885765965586,,,324
b,PHQ-9 stationary null,0.19096668679536066,,,324
b,PHQ-9 stationary null,0.21643011912718937,,,324
b,PHQ-9 stationary null,0.20862012989675244,,,324
b,PHQ-9 stationary null,0.130939245490312,,,324
b,PHQ-9 stationary null,0.1570895280409093,,,324
b,PHQ-9 stationary null,0.19636256781402847,,,324
b,PHQ-9 stationary null,0.20868316827742392,,,324
b,PHQ-9 stationary null,0.14380909586758814,,,324
b,PHQ-9 stationary null,0.17508153607048896,,,324
b,PHQ-9 stationary null,0.1606944414327862,,,324
b,PHQ-9 stationary null,0.13772830703107977,,,324
b,PHQ-9 stationary null,0.12344517002752113,,,324
b,PHQ-9 stationary null,0.2002100926828161,,,324
b,PHQ-9 stationary null,0.17998312137470507,,,324
b,PHQ-9 stationary null,0.17705160764423605,,,324
b,PHQ-9 stationary null,0.15850321828303868,,,324
b,PHQ-9 stationary null,0.1561338455375528,,,324
b,PHQ-9 stationary null,0.11852335973874346,,,324
b,PHQ-9 stationary null,0.2173219032546897,,,324
b,PHQ-9 stationary null,0.20804624954313616,,,324
b,PHQ-9 stationary null,0.14565295891843186,,,324
b,PHQ-9 stationary null,0.1150937939576252,,,324
b,PHQ-9 stationary null,0.14838437715257796,,,324
b,PHQ-9 stationary null,0.15521647665017171,,,324
b,PHQ-9 stationary null,0.16870279566009444,,,324
b,PHQ-9 stationary null,0.20320017646361724,,,324
b,PHQ-9 stationary null,0.17229063356282404,,,324
b,PHQ-9 stationary null,0.10409216861837604,,,324
b,PHQ-9 stationary null,0.1394910406940323,,,324
b,PHQ-9 stationary null,0.1528536694743659,,,324
b,PHQ-9 stationary null,0.12569615140506193,,,324
b,PHQ-9 stationary null,0.15202726425327537,,,324
b,PHQ-9 stationary null,0.21484280842399672,,,324
b,PHQ-9 stationary null,0.18047665572650662,,,324
b,PHQ-9 stationary null,0.1321872191432796,,,324
b,PHQ-9 stationary null,0.15388055923144495,,,324
b,PHQ-9 stationary null,0.16912521793315538,,,324
b,PHQ-9 stationary null,0.13881377886866736,,,324
b,PHQ-9 stationary null,0.22986019253865753,,,324
b,PHQ-9 stationary null,0.18490049416752982,,,324
b,PHQ-9 stationary null,0.18399346768832553,,,324
b,PHQ-9 stationary null,0.15112061193833698,,,324
b,PHQ-9 stationary null,0.1661323703194349,,,324
b,PHQ-9 stationary null,0.16906693359525798,,,324
b,PHQ-9 stationary null,0.14355606868643567,,,324
b,PHQ-9 stationary null,0.19091908747336128,,,324
b,PHQ-9 stationary null,0.15461576943087016,,,324
b,PHQ-9 stationary null,0.22836650115731053,,,324
b,PHQ-9 stationary null,0.15538646306561227,,,324
b,PHQ-9 stationary null,0.15072434095169226,,,324
b,PHQ-9 stationary null,0.14264569310941702,,,324
b,PHQ-9 stationary null,0.1658286248194145,,,324
b,PHQ-9 stationary null,0.1762353037396652,,,324
b,PHQ-9 stationary null,0.17779134782225703,,,324
b,PHQ-9 stationary null,0.18279683338457983,,,324
b,PHQ-9 stationary null,0.14505185277815968,,,324
b,PHQ-9 stationary null,0.177104755164074,,,324
b,PHQ-9 stationary null,0.15831669390296008,,,324
b,PHQ-9 stationary null,0.17964589620089327,,,324
b,PHQ-9 stationary null,0.1336771492233933,,,324
b,PHQ-9 stationary null,0.14928144763406123,,,324
b,PHQ-9 stationary null,0.15868899041196569,,,324
b,PHQ-9 stationary null,0.19132760089018672,,,324
b,PHQ-9 stationary null,0.13503573847871972,,,324
b,PHQ-9 stationary null,0.22574757929456943,,,324
b,PHQ-9 stationary null,0.17823994102543267,,,324
b,PHQ-9 stationary null,0.1820482515841302,,,324
b,PHQ-9 stationary null,0.17521475519578006,,,324
b,PHQ-9 stationary null,0.1839615022594873,,,324
b,PHQ-9 stationary null,0.17250090515727604,,,324
b,PHQ-9 stationary null,0.14325226433672444,,,324
b,PHQ-9 stationary null,0.1961983144504979,,,324
b,PHQ-9 stationary null,0.1645113809656572,,,324
b,PHQ-9 stationary null,0.15251432215671498,,,324
b,PHQ-9 stationary null,0.18598636360589324,,,324
b,PHQ-9 stationary null,0.14633783537479989,,,324
b,PHQ-9 stationary null,0.15869252388710253,,,324
b,PHQ-9 stationary null,0.14445877635440094,,,324
b,PHQ-9 stationary null,0.16088041205570416,,,324
b,PHQ-9 stationary null,0.2705081281371916,,,324
b,PHQ-9 stationary null,0.13504018877195806,,,324
b,PHQ-9 stationary null,0.21398899255786194,,,324
b,PHQ-9 stationary null,0.2244751856757095,,,324
b,PHQ-9 stationary null,0.16837920140809845,,,324
b,PHQ-9 stationary null,0.22298104465474305,,,324
b,PHQ-9 stationary null,0.18720089081838456,,,324
b,PHQ-9 stationary null,0.18854914234816456,,,324
b,PHQ-9 stationary null,0.19663751582898845,,,324
b,PHQ-9 stationary null,0.15985348487255854,,,324
b,PHQ-9 stationary null,0.15509278648953012,,,324
b,PHQ-9 stationary null,0.1351734028351798,,,324
b,PHQ-9 stationary null,0.13409673995065666,,,324
b,PHQ-9 stationary null,0.18094062245099776,,,324
b,PHQ-9 stationary null,0.20741905371049163,,,324
b,PHQ-9 stationary null,0.17390309867691067,,,324
b,PHQ-9 stationary null,0.23149349552641812,,,324
b,PHQ-9 stationary null,0.18832036276609904,,,324
b,PHQ-9 stationary null,0.16130183688550487,,,324
b,PHQ-9 stationary null,0.17593664892381403,,,324
b,PHQ-9 stationary null,0.14199873470473573,,,324
b,PHQ-9 stationary null,0.11789429863673782,,,324
b,PHQ-9 stationary null,0.16981548713554545,,,324
b,PHQ-9 stationary null,0.16681441695688606,,,324
b,PHQ-9 stationary null,0.16469840516501694,,,324
b,PHQ-9 stationary null,0.16949657240921276,,,324
b,PHQ-9 stationary null,0.1816531518283575,,,324
b,PHQ-9 stationary null,0.15857756516324267,,,324
b,PHQ-9 stationary null,0.1919383365347271,,,324
b,PHQ-9 stationary null,0.12921491234784585,,,324
b,PHQ-9 stationary null,0.14417372769050738,,,324
b,PHQ-9 stationary null,0.18157622190217496,,,324
b,PHQ-9 stationary null,0.20562743040752604,,,324
b,PHQ-9 stationary null,0.15066183478441023,,,324
b,PHQ-9 stationary null,0.18752753962740537,,,324
b,PHQ-9 stationary null,0.14747510705525613,,,324
b,PHQ-9 stationary null,0.15868930338122234,,,324
b,PHQ-9 stationary null,0.22385182136278953,,,324
b,PHQ-9 stationary null,0.19949631460936199,,,324
b,PHQ-9 stationary null,0.16390542101899136,,,324
b,PHQ-9 stationary null,0.164232269016029,,,324
b,PHQ-9 stationary null,0.14976515478036428,,,324
b,PHQ-9 stationary null,0.24211220823688842,,,324
b,PHQ-9 stationary null,0.19629659937964455,,,324
b,PHQ-9 stationary null,0.20833197070417572,,,324
b,PHQ-9 stationary null,0.16295191639359047,,,324
b,PHQ-9 stationary null,0.16337483229772048,,,324
b,PHQ-9 stationary null,0.1708595279570351,,,324
b,PHQ-9 stationary null,0.20518331709680293,,,324
b,PHQ-9 stationary null,0.2068286492777693,,,324
b,PHQ-9 stationary null,0.16166277009036126,,,324
b,PHQ-9 stationary null,0.19605558344440716,,,324
b,PHQ-9 stationary null,0.1475532350942213,,,324
b,PHQ-9 stationary null,0.17399286137638867,,,324
b,PHQ-9 stationary null,0.14154242782519508,,,324
b,PHQ-9 stationary null,0.19151935623953575,,,324
b,PHQ-9 stationary null,0.19385247234811037,,,324
b,PHQ-9 stationary null,0.18312443385406638,,,324
b,PHQ-9 stationary null,0.1119780631132336,,,324
b,PHQ-9 stationary null,0.1828890878403402,,,324
b,PHQ-9 stationary null,0.21672111609219769,,,324
b,PHQ-9 stationary null,0.19224116341622688,,,324
b,PHQ-9 stationary null,0.131009067626088,,,324
b,PHQ-9 stationary null,0.2069805787372123,,,324
b,PHQ-9 stationary null,0.16569497232784355,,,324
b,PHQ-9 stationary null,0.1321176165844888,,,324
b,PHQ-9 stationary null,0.17647434982386098,,,324
b,PHQ-9 stationary null,0.1586133411390496,,,324
b,PHQ-9 stationary null,0.1992742400678422,,,324
b,PHQ-9 stationary null,0.19558043517433493,,,324
b,PHQ-9 stationary null,0.16301218996139752,,,324
b,PHQ-9 stationary null,0.2351129428069572,,,324
b,PHQ-9 stationary null,0.15559343125751057,,,324
b,PHQ-9 stationary null,0.1456700305039644,,,324
b,PHQ-9 stationary null,0.14411754827071294,,,324
b,PHQ-9 stationary null,0.17798857728753487,,,324
b,PHQ-9 stationary null,0.16389655673031947,,,324
b,PHQ-9 stationary null,0.20898534382659065,,,324
b,PHQ-9 stationary null,0.17297752143892292,,,324
b,PHQ-9 stationary null,0.19777655252770718,,,324
b,PHQ-9 stationary null,0.18377816192533292,,,324
b,PHQ-9 stationary null,0.15463645666089826,,,324
b,PHQ-9 stationary null,0.18531642332140943,,,324
b,PHQ-9 stationary null,0.2033476352686588,,,324
b,PHQ-9 stationary null,0.1952106953269425,,,324
b,PHQ-9 stationary null,0.12067766980439387,,,324
b,PHQ-9 stationary null,0.15230975253068163,,,324
b,PHQ-9 stationary null,0.1801166585367796,,,324
b,PHQ-9 stationary null,0.1627175042353871,,,324
b,PHQ-9 stationary null,0.16874870475037104,,,324
b,PHQ-9 stationary null,0.16806661310650928,,,324
b,PHQ-9 stationary null,0.14955730313439042,,,324
b,PHQ-9 stationary null,0.19636841568936944,,,324
b,PHQ-9 stationary null,0.21058648889718504,,,324
b,PHQ-9 stationary null,0.16396544388834422,,,324
b,PHQ-9 stationary null,0.16435385334663713,,,324
b,PHQ-9 stationary null,0.15320777101054797,,,324
b,PHQ-9 stationary null,0.19083825804146043,,,324
b,PHQ-9 stationary null,0.19653871390641256,,,324
b,PHQ-9 stationary null,0.17675725628688208,,,324
b,PHQ-9 stationary null,0.14610167290377024,,,324
b,PHQ-9 stationary null,0.17901974005259125,,,324
b,PHQ-9 stationary null,0.1992658632835289,,,324
b,PHQ-9 stationary null,0.14033174695134137,,,324
b,PHQ-9 stationary null,0.14894564518267756,,,324
b,PHQ-9 stationary null,0.17612416900669042,,,324
b,PHQ-9 stationary null,0.17507245712259378,,,324
b,PHQ-9 stationary null,0.17799476851167453,,,324
b,PHQ-9 stationary null,0.17181333672465765,,,324
b,PHQ-9 stationary null,0.13108683095459642,,,324
b,PHQ-9 stationary null,0.20460569410366358,,,324
b,PHQ-9 stationary null,0.1979542144598357,,,324
b,PHQ-9 stationary null,0.1795406733700898,,,324
b,PHQ-9 stationary null,0.1826264060455961,,,324
b,PHQ-9 stationary null,0.18832348139657604,,,324
b,PHQ-9 stationary null,0.19790199202213477,,,324
b,PHQ-9 stationary null,0.20040534836989238,,,324
b,PHQ-9 stationary null,0.13854092761583178,,,324
b,PHQ-9 stationary null,0.15458591835324695,,,324
b,PHQ-9 stationary null,0.17843433320235533,,,324
b,PHQ-9 stationary null,0.1693372464650009,,,324
b,PHQ-9 stationary null,0.21888364996457008,,,324
b,PHQ-9 stationary null,0.21268141210426775,,,324
b,PHQ-9 stationary null,0.14900611065030359,,,324
b,PHQ-9 stationary null,0.1797989015332222,,,324
b,PHQ-9 stationary null,0.1834019470221776,,,324
b,PHQ-9 stationary null,0.18764358970108277,,,324
b,PHQ-9 stationary null,0.18841714355938866,,,324
b,PHQ-9 stationary null,0.1787770305480031,,,324
b,PHQ-9 stationary null,0.18865149321023222,,,324
b,PHQ-9 stationary null,0.16538904982101896,,,324
b,PHQ-9 stationary null,0.182856008301712,,,324
b,PHQ-9 stationary null,0.18845908078713194,,,324
b,PHQ-9 stationary null,0.1359267111828141,,,324
b,PHQ-9 stationary null,0.15940685797924745,,,324
b,PHQ-9 stationary null,0.18182934836681167,,,324
b,PHQ-9 stationary null,0.17828651411310315,,,324
b,PHQ-9 stationary null,0.1773739783981368,,,324
b,PHQ-9 stationary null,0.1793860221707582,,,324
b,PHQ-9 stationary null,0.18672896708037834,,,324
b,PHQ-9 stationary null,0.17477024575867509,,,324
b,PHQ-9 stationary null,0.20403659540876828,,,324
b,PHQ-9 stationary null,0.13702072561999,,,324
b,PHQ-9 stationary null,0.1501670279678834,,,324
b,PHQ-9 stationary null,0.21640621698241944,,,324
b,PHQ-9 stationary null,0.18946201242967925,,,324
b,PHQ-9 stationary null,0.17645948612425494,,,324
b,PHQ-9 stationary null,0.15907510468252717,,,324
b,PHQ-9 stationary null,0.17758888250225818,,,324
b,PHQ-9 stationary null,0.19830945293161875,,,324
b,PHQ-9 stationary null,0.21632358179323696,,,324
b,PHQ-9 stationary null,0.21317309399802858,,,324
b,PHQ-9 stationary null,0.2035841122840314,,,324
b,PHQ-9 stationary null,0.20051663828524374,,,324
b,PHQ-9 stationary null,0.1658062243836286,,,324
b,PHQ-9 stationary null,0.15024111710413457,,,324
b,PHQ-9 stationary null,0.1796425636327904,,,324
b,PHQ-9 stationary null,0.19696145756176361,,,324
b,PHQ-9 stationary null,0.19378239985480503,,,324
b,PHQ-9 stationary null,0.17875752029910527,,,324
b,PHQ-9 stationary null,0.1995611961490305,,,324
b,PHQ-9 stationary null,0.13713128729297372,,,324
b,PHQ-9 stationary null,0.23480272205411856,,,324
b,PHQ-9 stationary null,0.18978164015521534,,,324
b,PHQ-9 stationary null,0.1783263939362791,,,324
b,PHQ-9 stationary null,0.15922927326312206,,,324
b,PHQ-9 stationary null,0.21631163753486468,,,324
b,PHQ-9 stationary null,0.19213766189155657,,,324
b,PHQ-9 stationary null,0.15982143638351845,,,324
b,PHQ-9 stationary null,0.16121648747419917,,,324
b,PHQ-9 stationary null,0.19653679886136138,,,324
b,PHQ-9 stationary null,0.11691505342920434,,,324
b,PHQ-9 stationary null,0.19533655349219917,,,324
b,PHQ-9 stationary null,0.21077940132848755,,,324
b,PHQ-9 stationary null,0.11968552485479719,,,324
b,PHQ-9 stationary null,0.13800062281298295,,,324
b,PHQ-9 stationary null,0.15372625902670317,,,324
b,PHQ-9 stationary null,0.18234233873677347,,,324
b,PHQ-9 stationary null,0.2138914450938961,,,324
b,PHQ-9 stationary null,0.15886154863148594,,,324
b,PHQ-9 stationary null,0.14108002865930963,,,324
b,PHQ-9 stationary null,0.22205072913021157,,,324
b,PHQ-9 stationary null,0.15124301669418938,,,324
b,PHQ-9 stationary null,0.19856372959214272,,,324
b,PHQ-9 stationary null,0.17908945019473133,,,324
b,PHQ-9 stationary null,0.18833285615563272,,,324
b,PHQ-9 stationary null,0.14498032904102082,,,324
b,PHQ-9 stationary null,0.18980168734903594,,,324
b,PHQ-9 stationary null,0.2260754568512311,,,324
b,PHQ-9 stationary null,0.17449727257765554,,,324
b,PHQ-9 stationary null,0.17397143684983613,,,324
b,PHQ-9 stationary null,0.20570387011457675,,,324
b,PHQ-9 stationary null,0.1516765665583638,,,324
b,PHQ-9 stationary null,0.14893173873959523,,,324
b,PHQ-9 stationary null,0.1846624289357633,,,324
b,PHQ-9 stationary null,0.15552170409810348,,,324
b,PHQ-9 stationary null,0.14482544937121455,,,324
b,PHQ-9 stationary null,0.15306786569606284,,,324
b,PHQ-9 stationary null,0.2154062911880136,,,324
b,PHQ-9 stationary null,0.17544862640341705,,,324
b,PHQ-9 stationary null,0.1886909940156686,,,324
b,PHQ-9 stationary null,0.1427599823908609,,,324
b,PHQ-9 stationary null,0.16263637599534425,,,324
b,PHQ-9 stationary null,0.22540707930062587,,,324
b,PHQ-9 stationary null,0.25358253366399297,,,324
b,PHQ-9 stationary null,0.15474213358948397,,,324
b,PHQ-9 stationary null,0.2123938240159364,,,324
b,PHQ-9 stationary null,0.1524559475638555,,,324
b,PHQ-9 stationary null,0.1527465437647055,,,324
b,PHQ-9 stationary null,0.15398363158571615,,,324
b,PHQ-9 stationary null,0.19497760082332552,,,324
b,PHQ-9 stationary null,0.20519670269032758,,,324
b,PHQ-9 stationary null,0.2492440367464691,,,324
b,PHQ-9 stationary null,0.1562284982323423,,,324
b,PHQ-9 stationary null,0.24398822447507915,,,324
b,PHQ-9 stationary null,0.17566636555946005,,,324
b,PHQ-9 stationary null,0.19694406833397518,,,324
b,PHQ-9 stationary null,0.18854811300518018,,,324
b,PHQ-9 stationary null,0.19211852267773283,,,324
b,PHQ-9 stationary null,0.17537384368552866,,,324
b,PHQ-9 stationary null,0.16346789736012166,,,324
b,PHQ-9 stationary null,0.18059906386544167,,,324
b,PHQ-9 stationary null,0.14214593257910274,,,324
b,PHQ-9 stationary null,0.2256393223283896,,,324
b,PHQ-9 stationary null,0.19122151698374662,,,324
b,PHQ-9 stationary null,0.23246793337063837,,,324
b,PHQ-9 stationary null,0.18522252756086263,,,324
b,PHQ-9 stationary null,0.15394397879732585,,,324
b,PHQ-9 stationary null,0.16332733117014886,,,324
b,PHQ-9 stationary null,0.18291830186040806,,,324
b,PHQ-9 stationary null,0.16434045503718167,,,324
b,PHQ-9 stationary null,0.18199681762044065,,,324
b,PHQ-9 stationary null,0.1293734300581336,,,324
b,PHQ-9 stationary null,0.18590647977394933,,,324
b,PHQ-9 stationary null,0.20623130601639103,,,324
b,PHQ-9 stationary null,0.15565110306016655,,,324
b,PHQ-9 stationary null,0.17909130332634984,,,324
b,PHQ-9 stationary null,0.1519496387011926,,,324
b,PHQ-9 stationary null,0.22629568346950021,,,324
b,PHQ-9 stationary null,0.22810852456027061,,,324
b,PHQ-9 stationary null,0.18575930164099846,,,324
b,PHQ-9 stationary null,0.1719523837388417,,,324
b,PHQ-9 stationary null,0.15364709347037675,,,324
b,PHQ-9 stationary null,0.1384338373258432,,,324
b,PHQ-9 stationary null,0.14467615221240535,,,324
b,PHQ-9 stationary null,0.19697804503292332,,,324
b,PHQ-9 stationary null,0.18142661691090461,,,324
b,PHQ-9 stationary null,0.17183309890932008,,,324
b,PHQ-9 stationary null,0.19218335714816973,,,324
b,PHQ-9 stationary null,0.2061212832934747,,,324
b,PHQ-9 stationary null,0.15137428174012937,,,324
b,PHQ-9 stationary null,0.15301667505604338,,,324
b,PHQ-9 stationary null,0.21694998709174235,,,324
b,PHQ-9 stationary null,0.1477698052216637,,,324
b,PHQ-9 stationary null,0.1898754029200806,,,324
b,PHQ-9 stationary null,0.16211112473277797,,,324
b,PHQ-9 stationary null,0.15508403291159514,,,324
b,PHQ-9 stationary null,0.2190885453632379,,,324
b,PHQ-9 stationary null,0.17110151131668971,,,324
b,PHQ-9 stationary null,0.1601961018679444,,,324
b,PHQ-9 stationary null,0.2172455049681107,,,324
b,PHQ-9 stationary null,0.19334319810777284,,,324
b,PHQ-9 stationary null,0.21979716604444632,,,324
b,PHQ-9 stationary null,0.22801579597083307,,,324
b,PHQ-9 stationary null,0.1569885267145503,,,324
b,PHQ-9 stationary null,0.19286962075697817,,,324
b,PHQ-9 stationary null,0.23771048052008642,,,324
b,PHQ-9 stationary null,0.21044429829585212,,,324
b,PHQ-9 stationary null,0.1596909378764546,,,324
b,PHQ-9 stationary null,0.17691577786363277,,,324
b,PHQ-9 stationary null,0.153785287077368,,,324
b,PHQ-9 stationary null,0.1811172720475865,,,324
b,PHQ-9 stationary null,0.17173591447123243,,,324
b,PHQ-9 stationary null,0.15371661547129023,,,324
b,PHQ-9 stationary null,0.18080936841636527,,,324
b,PHQ-9 stationary null,0.1792769934316457,,,324
b,PHQ-9 stationary null,0.1811957678585649,,,324
b,PHQ-9 stationary null,0.1337697700160665,,,324
b,PHQ-9 stationary null,0.20517054584361114,,,324
b,PHQ-9 stationary null,0.1732170389079761,,,324
b,PHQ-9 stationary null,0.18103560097321603,,,324
b,PHQ-9 stationary null,0.1818452572768735,,,324
b,PHQ-9 stationary null,0.20164113335955988,,,324
b,PHQ-9 stationary null,0.15033025711768486,,,324
b,PHQ-9 stationary null,0.12416992267350893,,,324
b,PHQ-9 stationary null,0.17900532466864108,,,324
b,PHQ-9 stationary null,0.16328451411545747,,,324
b,PHQ-9 stationary null,0.17857244513437714,,,324
b,PHQ-9 stationary null,0.2136466505822108,,,324
b,PHQ-9 stationary null,0.1712553014376871,,,324
b,PHQ-9 stationary null,0.2232785725088087,,,324
b,PHQ-9 stationary null,0.1751672535126555,,,324
b,PHQ-9 stationary null,0.2452475953796738,,,324
b,PHQ-9 stationary null,0.19543796819662157,,,324
b,PHQ-9 stationary null,0.21210324767578487,,,324
b,PHQ-9 stationary null,0.16153820310489028,,,324
b,PHQ-9 stationary null,0.1538453410326805,,,324
b,PHQ-9 stationary null,0.19182317551818193,,,324
b,PHQ-9 stationary null,0.16542488796618088,,,324
b,PHQ-9 stationary null,0.16284265450078075,,,324
b,PHQ-9 stationary null,0.17111128627720812,,,324
b,PHQ-9 stationary null,0.1698646386480223,,,324
b,PHQ-9 stationary null,0.13051131439834995,,,324
b,PHQ-9 stationary null,0.22492938854781702,,,324
b,PHQ-9 stationary null,0.1974486910678974,,,324
b,PHQ-9 stationary null,0.22135124826923902,,,324
b,PHQ-9 stationary null,0.23316222069685388,,,324
b,PHQ-9 stationary null,0.19442060694366692,,,324
b,PHQ-9 stationary null,0.15549328847429844,,,324
b,PHQ-9 stationary null,0.13002849227126578,,,324
b,PHQ-9 stationary null,0.18522670494962978,,,324
b,PHQ-9 stationary null,0.1766354201170719,,,324
b,PHQ-9 stationary null,0.17017468583897172,,,324
b,PHQ-9 stationary null,0.2026968156424301,,,324
b,PHQ-9 stationary null,0.17227744349242946,,,324
b,PHQ-9 stationary null,0.14577033157891062,,,324
b,PHQ-9 stationary null,0.1418346017344146,,,324
b,PHQ-9 stationary null,0.17296510268952012,,,324
b,PHQ-9 stationary null,0.20161213622157206,,,324
b,PHQ-9 stationary null,0.18619116324707063,,,324
b,PHQ-9 stationary null,0.17423948562289784,,,324
b,PHQ-9 stationary null,0.21761171061346873,,,324
b,PHQ-9 stationary null,0.1479216991779938,,,324
b,PHQ-9 stationary null,0.20206118808058945,,,324
b,PHQ-9 stationary null,0.18583731313222795,,,324
b,PHQ-9 stationary null,0.2092207381487804,,,324
b,PHQ-9 stationary null,0.1615680739692132,,,324
b,PHQ-9 stationary null,0.23215629130417548,,,324
b,PHQ-9 stationary null,0.21175881356606924,,,324
b,PHQ-9 stationary null,0.21626378962094153,,,324
b,PHQ-9 stationary null,0.12908695077112972,,,324
b,PHQ-9 stationary null,0.14004471818565675,,,324
b,PHQ-9 stationary null,0.1737614922053532,,,324
b,PHQ-9 stationary null,0.15263991594662385,,,324
b,PHQ-9 stationary null,0.18594136766095695,,,324
b,PHQ-9 stationary null,0.16085864681019543,,,324
b,PHQ-9 stationary null,0.12675983129169183,,,324
b,PHQ-9 stationary null,0.1365332807584977,,,324
b,PHQ-9 stationary null,0.21143308471384206,,,324
b,PHQ-9 stationary null,0.22816349352619966,,,324
b,PHQ-9 stationary null,0.12850457071682925,,,324
b,PHQ-9 stationary null,0.16854767377847873,,,324
b,PHQ-9 stationary null,0.13961968555975776,,,324
b,PHQ-9 stationary null,0.16386912175005158,,,324
b,PHQ-9 stationary null,0.17921388306778627,,,324
b,PHQ-9 stationary null,0.2189367484661304,,,324
b,PHQ-9 stationary null,0.145349134287077,,,324
b,PHQ-9 stationary null,0.1520722729265331,,,324
b,PHQ-9 stationary null,0.19216321125507474,,,324
b,PHQ-9 stationary null,0.1580406929323256,,,324
b,PHQ-9 stationary null,0.19008659103595704,,,324
b,PHQ-9 stationary null,0.1143143537792215,,,324
b,PHQ-9 stationary null,0.20695706897502425,,,324
b,PHQ-9 stationary null,0.16827123259571333,,,324
b,PHQ-9 stationary null,0.18060641589425994,,,324
b,PHQ-9 stationary null,0.21395944972008124,,,324
b,PHQ-9 stationary null,0.27263662275506734,,,324
b,PHQ-9 stationary null,0.22424170014468717,,,324
b,PHQ-9 stationary null,0.22646628454942855,,,324
b,PHQ-9 stationary null,0.2098694016849485,,,324
b,PHQ-9 stationary null,0.13639512528467276,,,324
b,PHQ-9 stationary null,0.17449269379346155,,,324
b,PHQ-9 stationary null,0.11823559534735338,,,324
b,PHQ-9 stationary null,0.16099095433635438,,,324
b,PHQ-9 stationary null,0.13898668674067086,,,324
b,PHQ-9 stationary null,0.17724292781833503,,,324
b,PHQ-9 stationary null,0.13331364177971916,,,324
b,PHQ-9 stationary null,0.18644342968473912,,,324
b,PHQ-9 stationary null,0.2235981085287637,,,324
b,PHQ-9 stationary null,0.17423170557256154,,,324
b,PHQ-9 stationary null,0.19088915628798514,,,324
b,PHQ-9 stationary null,0.14941927779095826,,,324
b,PHQ-9 stationary null,0.22447782204505703,,,324
b,PHQ-9 stationary null,0.19241606215672366,,,324
b,PHQ-9 stationary null,0.21102091372429627,,,324
b,PHQ-9 stationary null,0.22556744986467384,,,324
b,PHQ-9 stationary null,0.14364510451161436,,,324
b,PHQ-9 stationary null,0.15424690416473388,,,324
b,PHQ-9 stationary null,0.1518965971300185,,,324
b,PHQ-9 stationary null,0.19111133185882154,,,324
b,PHQ-9 stationary null,0.1766454393527728,,,324
b,PHQ-9 stationary null,0.19937687901918402,,,324
b,PHQ-9 stationary null,0.1972661593310284,,,324
b,PHQ-9 stationary null,0.21218743376600557,,,324
b,PHQ-9 stationary null,0.1609745525819368,,,324
b,PHQ-9 stationary null,0.17404775878044082,,,324
b,PHQ-9 stationary null,0.17295444830005938,,,324
b,PHQ-9 stationary null,0.16526389700983446,,,324
b,PHQ-9 stationary null,0.1379176663896281,,,324
b,PHQ-9 stationary null,0.1151413861721435,,,324
b,PHQ-9 stationary null,0.1852693918033987,,,324
b,PHQ-9 stationary null,0.2380772128113946,,,324
b,PHQ-9 stationary null,0.1388961204522326,,,324
b,PHQ-9 stationary null,0.1821479886445801,,,324
b,PHQ-9 stationary null,0.19742601737881,,,324
b,PHQ-9 stationary null,0.2532591030086761,,,324
b,PHQ-9 stationary null,0.21890014845310832,,,324
b,PHQ-9 stationary null,0.12030811234975604,,,324
b,PHQ-9 stationary null,0.1809707773017807,,,324
b,PHQ-9 stationary null,0.16563327325533372,,,324
b,PHQ-9 stationary null,0.23013155193060678,,,324
b,PHQ-9 stationary null,0.166198921518224,,,324
b,PHQ-9 stationary null,0.18534638609098053,,,324
b,PHQ-9 stationary null,0.17310101479342777,,,324
b,PHQ-9 stationary null,0.21097976942699556,,,324
b,PHQ-9 stationary null,0.21146764050835537,,,324
b,PHQ-9 stationary null,0.17055324325294235,,,324
b,PHQ-9 stationary null,0.14466678991963308,,,324
b,PHQ-9 stationary null,0.16934695416980378,,,324
b,PHQ-9 stationary null,0.1731568829378771,,,324
b,PHQ-9 stationary null,0.20636505982306405,,,324
b,PHQ-9 stationary null,0.19400537089468714,,,324
b,PHQ-9 stationary null,0.15355351757516278,,,324
b,PHQ-9 stationary null,0.18317554001960906,,,324
b,PHQ-9 stationary null,0.18476382868821223,,,324
b,PHQ-9 stationary null,0.2002953972961413,,,324
b,PHQ-9 stationary null,0.16930449414222218,,,324
b,PHQ-9 stationary null,0.2106977721826262,,,324
b,PHQ-9 stationary null,0.1358445365335875,,,324
b,PHQ-9 stationary null,0.1419340731862508,,,324
b,PHQ-9 stationary null,0.17212078703244318,,,324
b,PHQ-9 stationary null,0.1678582417366115,,,324
b,PHQ-9 stationary null,0.19421348330618726,,,324
b,PHQ-9 stationary null,0.14055416964581674,,,324
b,PHQ-9 stationary null,0.21537035188531486,,,324
b,PHQ-9 stationary null,0.1960157712672444,,,324
b,PHQ-9 stationary null,0.17254981269175437,,,324
b,PHQ-9 stationary null,0.20048640399859494,,,324
b,PHQ-9 stationary null,0.19911686191949965,,,324
b,PHQ-9 stationary null,0.1425046332905108,,,324
b,PHQ-9 stationary null,0.18376188009039687,,,324
b,PHQ-9 stationary null,0.16585802796680008,,,324
b,PHQ-9 stationary null,0.19335624888180644,,,324
b,PHQ-9 stationary null,0.12014246255150758,,,324
b,PHQ-9 stationary null,0.1903984699508686,,,324
b,PHQ-9 stationary null,0.180627798277949,,,324
b,PHQ-9 stationary null,0.17303986650593314,,,324
b,PHQ-9 stationary null,0.19298596984486918,,,324
b,PHQ-9 stationary null,0.20497522335073337,,,324
b,PHQ-9 stationary null,0.1579442169591676,,,324
b,PHQ-9 stationary null,0.22172375719227036,,,324
b,PHQ-9 stationary null,0.19045559265255924,,,324
b,PHQ-9 stationary null,0.1984906532809073,,,324
b,PHQ-9 stationary null,0.1308519614677951,,,324
b,PHQ-9 stationary null,0.17235979695649484,,,324
b,PHQ-9 stationary null,0.13738633843976839,,,324
b,PHQ-9 stationary null,0.23231624108818208,,,324
b,PHQ-9 stationary null,0.17342242179345083,,,324
b,PHQ-9 stationary null,0.14748162197619302,,,324
b,PHQ-9 stationary null,0.1414227069016806,,,324
b,PHQ-9 stationary null,0.24155496459757966,,,324
b,PHQ-9 stationary null,0.1718387675314399,,,324
b,PHQ-9 stationary null,0.16312698917416643,,,324
b,PHQ-9 stationary null,0.20196593938219776,,,324
b,PHQ-9 stationary null,0.19349784461474695,,,324
b,PHQ-9 stationary null,0.13613031405325174,,,324
b,PHQ-9 stationary null,0.20129196542682024,,,324
b,PHQ-9 stationary null,0.19497940101686267,,,324
b,PHQ-9 stationary null,0.09413656421600762,,,324
b,PHQ-9 stationary null,0.18831061278167233,,,324
b,PHQ-9 stationary null,0.17066325233309296,,,324
b,PHQ-9 stationary null,0.16098618075911472,,,324
b,PHQ-9 stationary null,0.17942324270843232,,,324
b,PHQ-9 stationary null,0.1569205900473022,,,324
b,PHQ-9 stationary null,0.1851435325093177,,,324
b,PHQ-9 stationary null,0.16751437348316417,,,324
b,PHQ-9 stationary null,0.20236318955110363,,,324
b,PHQ-9 stationary null,0.17257302264045538,,,324
b,PHQ-9 stationary null,0.1784743530610696,,,324
b,PHQ-9 stationary null,0.21870025807828747,,,324
b,PHQ-9 stationary null,0.16847697513597068,,,324
b,PHQ-9 stationary null,0.17077198013521916,,,324
b,PHQ-9 stationary null,0.17890098531577847,,,324
b,PHQ-9 stationary null,0.20010946944671332,,,324
b,PHQ-9 stationary null,0.20874827060837062,,,324
b,PHQ-9 stationary null,0.18603211298810407,,,324
b,PHQ-9 stationary null,0.1440062171582756,,,324
b,PHQ-9 stationary null,0.25319342204610534,,,324
b,PHQ-9 stationary null,0.13660237745762682,,,324
b,PHQ-9 stationary null,0.21360466888174967,,,324
b,PHQ-9 stationary null,0.16150127107862638,,,324
b,PHQ-9 stationary null,0.1797690022838514,,,324
b,PHQ-9 stationary null,0.1809271262411244,,,324
b,PHQ-9 stationary null,0.19546656317467087,,,324
b,PHQ-9 stationary null,0.16630180663632557,,,324
b,PHQ-9 stationary null,0.211158938659413,,,324
b,PHQ-9 stationary null,0.21992194059243828,,,324
b,PHQ-9 stationary null,0.20676323144754552,,,324
b,PHQ-9 stationary null,0.1861377277184901,,,324
b,PHQ-9 stationary null,0.15769389967359693,,,324
b,PHQ-9 stationary null,0.17921568246570993,,,324
b,PHQ-9 stationary null,0.15417464513310833,,,324
b,PHQ-9 stationary null,0.13715897416934097,,,324
b,PHQ-9 stationary null,0.165279941897406,,,324
b,PHQ-9 stationary null,0.1282058130468834,,,324
b,PHQ-9 stationary null,0.17773858592713895,,,324
b,PHQ-9 stationary null,0.16199272969540637,,,324
b,PHQ-9 stationary null,0.14864996431910957,,,324
b,PHQ-9 stationary null,0.2065709460944601,,,324
b,PHQ-9 stationary null,0.14000876086226996,,,324
b,PHQ-9 stationary null,0.19313567823054562,,,324
b,PHQ-9 stationary null,0.1583883804357292,,,324
b,PHQ-9 stationary null,0.1799602925493358,,,324
b,PHQ-9 stationary null,0.17256470896905912,,,324
b,PHQ-9 stationary null,0.1821626864570795,,,324
b,PHQ-9 stationary null,0.17235334179924755,,,324
b,PHQ-9 stationary null,0.19260765352104,,,324
b,PHQ-9 stationary null,0.22237612314120928,,,324
b,PHQ-9 stationary null,0.13300697884509916,,,324
b,PHQ-9 stationary null,0.20433549980149698,,,324
b,PHQ-9 stationary null,0.13546463990744162,,,324
b,PHQ-9 stationary null,0.12799884955284616,,,324
b,PHQ-9 stationary null,0.20556294693667,,,324
b,PHQ-9 stationary null,0.1532729776560522,,,324
b,PHQ-9 stationary null,0.20410796254906724,,,324
b,PHQ-9 stationary null,0.12429814018077258,,,324
b,PHQ-9 stationary null,0.20333892266612139,,,324
b,PHQ-9 stationary null,0.1328529625132806,,,324
b,PHQ-9 stationary null,0.15964745764719146,,,324
b,PHQ-9 stationary null,0.17392264577019065,,,324
b,PHQ-9 stationary null,0.20022783944500785,,,324
b,PHQ-9 stationary null,0.17403201830214426,,,324
b,PHQ-9 stationary null,0.20228808692994968,,,324
b,PHQ-9 stationary null,0.16827756759721696,,,324
b,PHQ-9 stationary null,0.16176677446696125,,,324
b,PHQ-9 stationary null,0.14868142506019588,,,324
b,PHQ-9 stationary null,0.1913597833555484,,,324
b,PHQ-9 stationary null,0.13404980499157557,,,324
b,PHQ-9 stationary null,0.16922397657733448,,,324
b,PHQ-9 stationary null,0.1981441131016836,,,324
b,PHQ-9 stationary null,0.11765635515547312,,,324
b,PHQ-9 stationary null,0.16063080929220874,,,324
b,PHQ-9 stationary null,0.1525768295578557,,,324
b,PHQ-9 stationary null,0.15397728076212713,,,324
b,PHQ-9 stationary null,0.2122651350918554,,,324
b,PHQ-9 stationary null,0.20453326020421106,,,324
b,PHQ-9 stationary null,0.2017409273807075,,,324
b,PHQ-9 stationary null,0.16255780158921723,,,324
b,PHQ-9 stationary null,0.1277194094171092,,,324
b,PHQ-9 stationary null,0.1845160000101876,,,324
b,PHQ-9 stationary null,0.18952016581214434,,,324
b,PHQ-9 stationary null,0.1238614735623275,,,324
b,PHQ-9 stationary null,0.1533605419283995,,,324
b,PHQ-9 stationary null,0.1823597625307904,,,324
b,PHQ-9 stationary null,0.1543203656393273,,,324
b,PHQ-9 stationary null,0.16415070966351408,,,324
b,PHQ-9 stationary null,0.2045489758873669,,,324
b,PHQ-9 stationary null,0.1747733786797234,,,324
b,PHQ-9 stationary null,0.20237065566670562,,,324
b,PHQ-9 stationary null,0.22497737644258511,,,324
b,PHQ-9 stationary null,0.19531322604996232,,,324
b,PHQ-9 stationary null,0.16474800015644658,,,324
b,PHQ-9 stationary null,0.14871272866905502,,,324
b,PHQ-9 stationary null,0.13305940271007052,,,324
b,PHQ-9 stationary null,0.1921006316088107,,,324
b,PHQ-9 stationary null,0.15877446769313122,,,324
b,PHQ-9 stationary null,0.19678247716484362,,,324
b,PHQ-9 stationary null,0.1446975396976518,,,324
b,PHQ-9 stationary null,0.20692766772570717,,,324
b,PHQ-9 stationary null,0.1892563037546983,,,324
b,PHQ-9 stationary null,0.19805307941034322,,,324
b,PHQ-9 stationary null,0.16767697885552912,,,324
b,PHQ-9 stationary null,0.16570403893831862,,,324
b,PHQ-9 stationary null,0.14452459489445982,,,324
b,PHQ-9 stationary null,0.20624569737440518,,,324
b,PHQ-9 stationary null,0.23196732268846076,,,324
b,PHQ-9 stationary null,0.16114333880900092,,,324
b,PHQ-9 stationary null,0.22535282062936318,,,324
b,PHQ-9 stationary null,0.21437207928687652,,,324
b,PHQ-9 stationary null,0.1436209995674554,,,324
b,PHQ-9 stationary null,0.14021490373052348,,,324
b,PHQ-9 stationary null,0.15171278346985115,,,324
b,PHQ-9 stationary null,0.14654888321084,,,324
b,PHQ-9 stationary null,0.17206512540999824,,,324
b,PHQ-9 stationary null,0.2090469433539914,,,324
b,PHQ-9 stationary null,0.14115859094893757,,,324
b,PHQ-9 stationary null,0.2053921158066301,,,324
b,PHQ-9 stationary null,0.17844869912079336,,,324
b,PHQ-9 stationary null,0.12609198642453417,,,324
b,PHQ-9 stationary null,0.21609415329005374,,,324
b,PHQ-9 stationary null,0.14451568982917273,,,324
b,PHQ-9 stationary null,0.19378160285560683,,,324
b,PHQ-9 stationary null,0.12035519882383924,,,324
b,PHQ-9 stationary null,0.2150340654523059,,,324
b,PHQ-9 stationary null,0.1640764445507051,,,324
b,PHQ-9 stationary null,0.15976035221207982,,,324
b,PHQ-9 stationary null,0.13467555581689913,,,324
b,PHQ-9 stationary null,0.16104650107260265,,,324
b,PHQ-9 stationary null,0.21346018644438008,,,324
b,PHQ-9 stationary null,0.20129854310524664,,,324
b,PHQ-9 stationary null,0.18421098580055903,,,324
b,PHQ-9 stationary null,0.1682245791561824,,,324
b,PHQ-9 stationary null,0.15226624350182089,,,324
b,PHQ-9 stationary null,0.1905391299315649,,,324
b,PHQ-9 stationary null,0.15811442208807305,,,324
b,PHQ-9 stationary null,0.15570582736513608,,,324
b,PHQ-9 stationary null,0.21532292575735243,,,324
b,PHQ-9 stationary null,0.1686382484663656,,,324
b,PHQ-9 stationary null,0.18717289780633842,,,324
b,PHQ-9 stationary null,0.18079053872696454,,,324
b,PHQ-9 stationary null,0.1569015599064204,,,324
b,PHQ-9 stationary null,0.13740129984463967,,,324
b,PHQ-9 stationary null,0.18820777995816956,,,324
b,PHQ-9 stationary null,0.10948457992759011,,,324
b,PHQ-9 stationary null,0.16813834443000247,,,324
b,PHQ-9 stationary null,0.14378271624010103,,,324
b,PHQ-9 stationary null,0.15665855902152923,,,324
b,PHQ-9 stationary null,0.20804730374036698,,,324
b,PHQ-9 stationary null,0.18821360158862716,,,324
b,PHQ-9 stationary null,0.1448737080243819,,,324
b,PHQ-9 stationary null,0.1858350358257351,,,324
b,PHQ-9 stationary null,0.13131759687367459,,,324
b,PHQ-9 stationary null,0.16806729419866956,,,324
b,PHQ-9 stationary null,0.18937174248431757,,,324
b,PHQ-9 stationary null,0.1228806380322377,,,324
b,PHQ-9 stationary null,0.1395811671997332,,,324
b,PHQ-9 stationary null,0.17361369862777248,,,324
b,PHQ-9 stationary null,0.20549006724839736,,,324
b,PHQ-9 stationary null,0.1912519650509326,,,324
b,PHQ-9 stationary null,0.15041166277081972,,,324
b,PHQ-9 stationary null,0.2551270567496475,,,324
b,PHQ-9 stationary null,0.2238227063769689,,,324
b,PHQ-9 stationary null,0.18252173199061977,,,324
b,PHQ-9 stationary null,0.13508239163425914,,,324
b,PHQ-9 stationary null,0.1586992741958435,,,324
b,PHQ-9 stationary null,0.19183487481321032,,,324
b,PHQ-9 stationary null,0.16089844984895135,,,324
b,PHQ-9 stationary null,0.15958288013163793,,,324
b,PHQ-9 stationary null,0.13740111425520857,,,324
b,PHQ-9 stationary null,0.18052339433556916,,,324
b,PHQ-9 stationary null,0.16119100140505158,,,324
b,PHQ-9 stationary null,0.09478398668002819,,,324
b,PHQ-9 stationary null,0.17008099499511062,,,324
b,PHQ-9 stationary null,0.19350123664084895,,,324
b,PHQ-9 stationary null,0.12657846467314868,,,324
b,PHQ-9 stationary null,0.13324298541596377,,,324
b,PHQ-9 stationary null,0.16401078282612552,,,324
b,PHQ-9 stationary null,0.11082610495046848,,,324
b,PHQ-9 stationary null,0.17440404947177926,,,324
b,PHQ-9 stationary null,0.20874512145601518,,,324
b,PHQ-9 stationary null,0.20457050124775175,,,324
b,PHQ-9 stationary null,0.22773491542121604,,,324
b,PHQ-9 stationary null,0.1479994561084153,,,324
b,PHQ-9 stationary null,0.16709132763511164,,,324
b,PHQ-9 stationary null,0.15430425522375657,,,324
b,PHQ-9 stationary null,0.19251744663596526,,,324
b,PHQ-9 stationary null,0.15325773573353907,,,324
b,PHQ-9 stationary null,0.1820399964487577,,,324
b,PHQ-9 stationary null,0.17733736629396568,,,324
b,PHQ-9 stationary null,0.1697418750896641,,,324
b,PHQ-9 stationary null,0.13884762972861223,,,324
b,PHQ-9 stationary null,0.18075749524366577,,,324
b,PHQ-9 stationary null,0.1244849149161612,,,324
b,PHQ-9 stationary null,0.12502879719913862,,,324
b,PHQ-9 stationary null,0.16689085740012718,,,324
b,PHQ-9 stationary null,0.19633752904728222,,,324
b,PHQ-9 stationary null,0.14674280396784528,,,324
b,PHQ-9 stationary null,0.16732387254050263,,,324
b,PHQ-9 stationary null,0.1709108503070757,,,324
b,PHQ-9 stationary null,0.1669644206186185,,,324
b,PHQ-9 stationary null,0.1852804711837172,,,324
b,PHQ-9 stationary null,0.23222914071330308,,,324
b,PHQ-9 stationary null,0.17417789874534795,,,324
b,PHQ-9 stationary null,0.15812045782720632,,,324
b,PHQ-9 stationary null,0.17758317905491125,,,324
b,PHQ-9 stationary null,0.1569967743322506,,,324
b,PHQ-9 stationary null,0.1749830353117035,,,324
b,PHQ-9 stationary null,0.173676067464158,,,324
b,PHQ-9 stationary null,0.17706294621865837,,,324
b,PHQ-9 stationary null,0.15598669296889192,,,324
b,PHQ-9 stationary null,0.16399587859250486,,,324
b,PHQ-9 stationary null,0.20931847486403204,,,324
b,PHQ-9 stationary null,0.1279272729740415,,,324
b,PHQ-9 stationary null,0.2121116380975512,,,324
b,PHQ-9 stationary null,0.17865974140007299,,,324
b,PHQ-9 stationary null,0.1659713675464693,,,324
b,PHQ-9 stationary null,0.1453281955884582,,,324
b,PHQ-9 stationary null,0.16085341536564512,,,324
b,PHQ-9 stationary null,0.19590481318930847,,,324
b,PHQ-9 stationary null,0.1598862872711437,,,324
b,PHQ-9 stationary null,0.1463622981821495,,,324
b,PHQ-9 stationary null,0.16790573249836238,,,324
b,PHQ-9 stationary null,0.205856070963656,,,324
b,PHQ-9 stationary null,0.16669515702764254,,,324
b,PHQ-9 stationary null,0.1697288783273538,,,324
b,PHQ-9 stationary null,0.21426911308263175,,,324
b,PHQ-9 stationary null,0.16298057733925742,,,324
b,PHQ-9 stationary null,0.15810631775574982,,,324
b,PHQ-9 stationary null,0.19004536421769527,,,324
b,PHQ-9 stationary null,0.15403598757665532,,,324
b,PHQ-9 stationary null,0.20379657653072095,,,324
b,PHQ-9 stationary null,0.1661060599507009,,,324
b,PHQ-9 stationary null,0.1533341489282106,,,324
b,PHQ-9 stationary null,0.15729442842565666,,,324
b,PHQ-9 stationary null,0.22498601179046637,,,324
b,PHQ-9 stationary null,0.24484808631514818,,,324
b,PHQ-9 stationary null,0.11366862949646485,,,324
b,PHQ-9 stationary null,0.2124009610524625,,,324
b,PHQ-9 stationary null,0.16209134938674988,,,324
b,PHQ-9 stationary null,0.1814570887277287,,,324
b,PHQ-9 stationary null,0.135292976616345,,,324
b,PHQ-9 stationary null,0.1707363657554408,,,324
b,PHQ-9 stationary null,0.20112542150945228,,,324
b,PHQ-9 stationary null,0.1615195731192204,,,324
b,PHQ-9 stationary null,0.1743315810178928,,,324
b,PHQ-9 stationary null,0.17935332794393924,,,324
b,PHQ-9 stationary null,0.17719230230658184,,,324
b,PHQ-9 stationary null,0.20065077947797846,,,324
b,PHQ-9 stationary null,0.19168592825917316,,,324
b,PHQ-9 stationary null,0.19013696842733316,,,324
b,PHQ-9 stationary null,0.22151856875082915,,,324
b,PHQ-9 stationary null,0.10213348885102115,,,324
b,PHQ-9 stationary null,0.15594430810275792,,,324
b,PHQ-9 stationary null,0.1858674231658566,,,324
b,PHQ-9 stationary null,0.19101374219942768,,,324
b,PHQ-9 stationary null,0.1888053880279605,,,324
b,PHQ-9 stationary null,0.17357437608852974,,,324
b,PHQ-9 stationary null,0.18434453637164422,,,324
b,PHQ-9 stationary null,0.18462702532476585,,,324
b,PHQ-9 stationary null,0.19231001072559123,,,324
b,PHQ-9 stationary null,0.16980087859874285,,,324
b,PHQ-9 stationary null,0.1903267051582822,,,324
b,PHQ-9 stationary null,0.16042487821501308,,,324
b,PHQ-9 stationary null,0.1628528295721141,,,324
b,PHQ-9 stationary null,0.17445451399261191,,,324
b,PHQ-9 stationary null,0.20071539796258886,,,324
b,PHQ-9 stationary null,0.12696306267907245,,,324
b,PHQ-9 stationary null,0.1882226284852951,,,324
b,PHQ-9 stationary null,0.1868342995448753,,,324
b,PHQ-9 stationary null,0.18859794596783871,,,324
b,PHQ-9 stationary null,0.17331035786969226,,,324
b,PHQ-9 stationary null,0.11535997760903013,,,324
b,PHQ-9 stationary null,0.1637465589643847,,,324
b,PHQ-9 stationary null,0.14763649006343693,,,324
b,PHQ-9 stationary null,0.19096572205027562,,,324
b,PHQ-9 stationary null,0.16200326971430637,,,324
b,PHQ-9 stationary null,0.17348890612583423,,,324
b,PHQ-9 stationary null,0.1667016735427748,,,324
b,PHQ-9 stationary null,0.2516200752806198,,,324
b,PHQ-9 stationary null,0.15101674773428994,,,324
b,PHQ-9 stationary null,0.14048415900145872,,,324
b,PHQ-9 stationary null,0.1067189887893829,,,324
b,PHQ-9 stationary null,0.17643725730420545,,,324
b,PHQ-9 stationary null,0.1571883854895626,,,324
b,PHQ-9 stationary null,0.16444844675252557,,,324
b,PHQ-9 stationary null,0.17522542432497792,,,324
b,PHQ-9 stationary null,0.1745853585125096,,,324
b,PHQ-9 stationary null,0.19442628736650025,,,324
b,PHQ-9 stationary null,0.17974367748849893,,,324
b,PHQ-9 stationary null,0.16581295005085198,,,324
b,PHQ-9 stationary null,0.15532550355771493,,,324
b,PHQ-9 stationary null,0.13810628293195482,,,324
b,PHQ-9 stationary null,0.20845660350774653,,,324
b,PHQ-9 stationary null,0.1865812882627169,,,324
b,PHQ-9 stationary null,0.11952342389011762,,,324
b,PHQ-9 stationary null,0.1886967733062553,,,324
b,PHQ-9 stationary null,0.1857164357568019,,,324
b,PHQ-9 stationary null,0.1366074220911979,,,324
b,PHQ-9 stationary null,0.13039076044665504,,,324
b,PHQ-9 stationary null,0.13823403545915086,,,324
b,PHQ-9 stationary null,0.16159270395035355,,,324
b,PHQ-9 stationary null,0.20364097746454007,,,324
b,PHQ-9 stationary null,0.1789899086786122,,,324
b,PHQ-9 stationary null,0.2350221010582538,,,324
b,PHQ-9 stationary null,0.1553723905819764,,,324
b,PHQ-9 stationary null,0.17850849958972362,,,324
b,PHQ-9 stationary null,0.13094460295979568,,,324
b,PHQ-9 stationary null,0.1520637535132439,,,324
b,PHQ-9 stationary null,0.17579584942191695,,,324
b,PHQ-9 stationary null,0.1814986941202277,,,324
b,PHQ-9 stationary null,0.13170833729675818,,,324
b,PHQ-9 stationary null,0.16920817126779752,,,324
b,PHQ-9 stationary null,0.24078633519381165,,,324
b,PHQ-9 stationary null,0.17826143276889397,,,324
b,PHQ-9 stationary null,0.1301485795397323,,,324
b,PHQ-9 stationary null,0.17207480168585598,,,324
b,PHQ-9 stationary null,0.16499573710794838,,,324
b,PHQ-9 stationary null,0.19067584165479634,,,324
b,PHQ-9 stationary null,0.19375898258873347,,,324
b,PHQ-9 stationary null,0.1750869870090574,,,324
b,PHQ-9 stationary null,0.1792692534237677,,,324
b,PHQ-9 stationary null,0.1664835091227655,,,324
b,PHQ-9 stationary null,0.18521198397056662,,,324
b,PHQ-9 stationary null,0.17105506889900884,,,324
b,PHQ-9 stationary null,0.15755132923261989,,,324
b,PHQ-9 stationary null,0.14411128171626175,,,324
b,PHQ-9 stationary null,0.2170484905863105,,,324
b,PHQ-9 stationary null,0.18356125032485804,,,324
b,PHQ-9 stationary null,0.18230619425400524,,,324
b,PHQ-9 stationary null,0.18691346821309124,,,324
b,PHQ-9 stationary null,0.17746679561599013,,,324
b,PHQ-9 stationary null,0.19511650047235776,,,324
b,PHQ-9 stationary null,0.1419153027398225,,,324
b,PHQ-9 stationary null,0.17142153117077003,,,324
b,PHQ-9 stationary null,0.16869631438596228,,,324
b,PHQ-9 stationary null,0.19960935387767287,,,324
b,PHQ-9 stationary null,0.22807993780839786,,,324
b,PHQ-9 stationary null,0.1815439310965308,,,324
b,PHQ-9 stationary null,0.18880602665072008,,,324
b,PHQ-9 stationary null,0.17606938174843223,,,324
b,PHQ-9 stationary null,0.15454085332387055,,,324
b,PHQ-9 stationary null,0.21495729392978197,,,324
b,PHQ-9 stationary null,0.16034454400909393,,,324
b,PHQ-9 stationary null,0.16212443249901534,,,324
b,PHQ-9 stationary null,0.17636061971721909,,,324
b,PHQ-9 stationary null,0.20855972384458552,,,324
b,PHQ-9 stationary null,0.1227703865299065,,,324
b,PHQ-9 stationary null,0.1591938045618475,,,324
b,PHQ-9 stationary null,0.2028162284832053,,,324
b,PHQ-9 stationary null,0.12660049400429277,,,324
b,PHQ-9 stationary null,0.13210030860008798,,,324
b,PHQ-9 stationary null,0.10927871544049565,,,324
b,PHQ-9 stationary null,0.19577453710621184,,,324
b,PHQ-9 stationary null,0.15221844447007646,,,324
b,PHQ-9 stationary null,0.19802273555702407,,,324
b,PHQ-9 stationary null,0.15250248641168393,,,324
b,PHQ-9 stationary null,0.14180071437327646,,,324
b,PHQ-9 stationary null,0.20678850798251094,,,324
b,PHQ-9 stationary null,0.22189292285373596,,,324
b,PHQ-9 stationary null,0.17487244126185966,,,324
b,PHQ-9 stationary null,0.1495708950427238,,,324
b,PHQ-9 stationary null,0.18071327285859365,,,324
b,PHQ-9 stationary null,0.1790920475232933,,,324
b,PHQ-9 stationary null,0.17926922608519189,,,324
b,PHQ-9 stationary null,0.18717141492029743,,,324
b,PHQ-9 stationary null,0.1989529862645266,,,324
b,PHQ-9 stationary null,0.2097878683242338,,,324
b,PHQ-9 stationary null,0.16007232830924584,,,324
b,PHQ-9 stationary null,0.19360169211213651,,,324
b,PHQ-9 stationary null,0.21657662425477814,,,324
b,PHQ-9 stationary null,0.17876213219616682,,,324
b,PHQ-9 stationary null,0.25850692219824206,,,324
b,PHQ-9 stationary null,0.19324505838847839,,,324
b,PHQ-9 stationary null,0.2245512071698241,,,324
b,PHQ-9 stationary null,0.20731797038555722,,,324
b,PHQ-9 stationary null,0.20969530440041761,,,324
b,PHQ-9 stationary null,0.1530022737327054,,,324
b,PHQ-9 stationary null,0.21586429633166102,,,324
b,PHQ-9 stationary null,0.11405632244409203,,,324
b,PHQ-9 stationary null,0.21954922060837118,,,324
b,PHQ-9 stationary null,0.2270366419178418,,,324
b,PHQ-9 stationary null,0.17219968821286843,,,324
b,PHQ-9 stationary null,0.17155989147200687,,,324
b,PHQ-9 stationary null,0.14873917330136235,,,324
b,PHQ-9 stationary null,0.186646858201894,,,324
b,PHQ-9 stationary null,0.21911975812252227,,,324
b,PHQ-9 stationary null,0.16559729996597158,,,324
b,PHQ-9 stationary null,0.1689314506640736,,,324
b,PHQ-9 stationary null,0.13698568387373017,,,324
b,PHQ-9 stationary null,0.15161849581658854,,,324
b,PHQ-9 stationary null,0.17236233755744243,,,324
b,PHQ-9 stationary null,0.2136017162606274,,,324
b,PHQ-9 stationary null,0.16990031864970714,,,324
b,PHQ-9 stationary null,0.17428933981893707,,,324
b,PHQ-9 stationary null,0.1990503353902774,,,324
b,PHQ-9 stationary null,0.22701191425868547,,,324
b,PHQ-9 stationary null,0.12000026063094375,,,324
b,PHQ-9 stationary null,0.23819530877410403,,,324
b,PHQ-9 stationary null,0.22073815860958196,,,324
b,PHQ-9 stationary null,0.19353741898873256,,,324
b,PHQ-9 stationary null,0.21496119039744266,,,324
b,PHQ-9 stationary null,0.20181467929641148,,,324
b,PHQ-9 stationary null,0.13894938194105316,,,324
b,PHQ-9 stationary null,0.1306183859881283,,,324
b,PHQ-9 stationary null,0.1554418547653491,,,324
b,PHQ-9 stationary null,0.20336959881322195,,,324
b,PHQ-9 stationary null,0.16429138295099519,,,324
b,PHQ-9 stationary null,0.19376478964966654,,,324
b,PHQ-9 stationary null,0.1941857013969801,,,324
b,PHQ-9 stationary null,0.18932920847761167,,,324
b,PHQ-9 stationary null,0.19868262005032822,,,324
b,PHQ-9 stationary null,0.17739956364317502,,,324
b,PHQ-9 stationary null,0.19230518843833802,,,324
b,PHQ-9 stationary null,0.1484541416934513,,,324
b,PHQ-9 stationary null,0.1527492776407376,,,324
b,PHQ-9 stationary null,0.20202674649797087,,,324
b,PHQ-9 stationary null,0.17354631684355754,,,324
b,PHQ-9 stationary null,0.1994621153523127,,,324
b,PHQ-9 stationary null,0.17436597078981353,,,324
b,PHQ-9 stationary null,0.1620118210260079,,,324
b,PHQ-9 stationary null,0.13164993342019676,,,324
b,PHQ-9 stationary null,0.18514925536252475,,,324
b,PHQ-9 stationary null,0.17093125923683114,,,324
b,PHQ-9 stationary null,0.23057907649451792,,,324
b,PHQ-9 stationary null,0.18130039537644926,,,324
b,PHQ-9 stationary null,0.22257307935153536,,,324
b,PHQ-9 stationary null,0.16052589486314697,,,324
b,PHQ-9 stationary null,0.1406541698188858,,,324
b,PHQ-9 stationary null,0.18946392971533718,,,324
b,PHQ-9 stationary null,0.2516148605737225,,,324
b,PHQ-9 stationary null,0.16466270219957532,,,324
b,PHQ-9 stationary null,0.17550937475122907,,,324
b,PHQ-9 stationary null,0.16939416540864205,,,324
b,PHQ-9 stationary null,0.2133818210533529,,,324
b,PHQ-9 stationary null,0.16795369100065852,,,324
b,PHQ-9 stationary null,0.20212434368562873,,,324
b,PHQ-9 stationary null,0.1737373061440716,,,324
b,PHQ-9 stationary null,0.2067735205683648,,,324
b,PHQ-9 stationary null,0.16889250953514373,,,324
b,PHQ-9 stationary null,0.1983475720906699,,,324
b,PHQ-9 stationary null,0.21594108585596258,,,324
b,PHQ-9 stationary null,0.164931442648943,,,324
b,PHQ-9 stationary null,0.21770317716539822,,,324
b,PHQ-9 stationary null,0.159254118637325,,,324
b,PHQ-9 stationary null,0.1758236599905937,,,324
b,PHQ-9 stationary null,0.13828607869538734,,,324
b,PHQ-9 stationary null,0.19709050777850803,,,324
b,PHQ-9 stationary null,0.1908505607802423,,,324
b,PHQ-9 stationary null,0.15174986809138835,,,324
b,PHQ-9 stationary null,0.15083964878052492,,,324
b,PHQ-9 stationary null,0.15772126757465155,,,324
b,PHQ-9 stationary null,0.19385165780492347,,,324
b,PHQ-9 stationary null,0.1358021811742622,,,324
b,PHQ-9 stationary null,0.21077209861893043,,,324
b,PHQ-9 stationary null,0.12949741335484907,,,324
b,PHQ-9 stationary null,0.1846929911981468,,,324
b,PHQ-9 stationary null,0.15298876577421527,,,324
b,PHQ-9 stationary null,0.17732256530120263,,,324
b,PHQ-9 stationary null,0.11742486002117955,,,324
b,PHQ-9 stationary null,0.15832444103811133,,,324
b,PHQ-9 stationary null,0.20699799975034405,,,324
b,PHQ-9 stationary null,0.1278251041580419,,,324
b,PHQ-9 stationary null,0.2622991400037881,,,324
b,PHQ-9 stationary null,0.18402694018588495,,,324
b,PHQ-9 stationary null,0.13538897329676833,,,324
b,PHQ-9 stationary null,0.16057847844979303,,,324
b,PHQ-9 stationary null,0.1401577772073611,,,324
b,PHQ-9 stationary null,0.13830211313418161,,,324
b,PHQ-9 stationary null,0.14219167377284078,,,324
b,PHQ-9 stationary null,0.18365105012421015,,,324
b,PHQ-9 stationary null,0.1757810499113576,,,324
b,PHQ-9 stationary null,0.22185447743292688,,,324
b,PHQ-9 stationary null,0.22237037301027848,,,324
b,PHQ-9 stationary null,0.1763206592033505,,,324
b,PHQ-9 stationary null,0.13752463076726346,,,324
b,PHQ-9 stationary null,0.1810482731087078,,,324
b,PHQ-9 stationary null,0.16437810026074834,,,324
b,PHQ-9 stationary null,0.19754088504268277,,,324
b,PHQ-9 stationary null,0.15211555595051132,,,324
b,PHQ-9 stationary null,0.14100285643268068,,,324
b,PHQ-9 stationary null,0.16751808606159369,,,324
b,PHQ-9 stationary null,0.16965307151227899,,,324
b,PHQ-9 stationary null,0.15127247056128432,,,324
b,PHQ-9 stationary null,0.17448268370948883,,,324
b,PHQ-9 stationary null,0.1547672437412772,,,324
b,PHQ-9 stationary null,0.23038262301722215,,,324
b,PHQ-9 stationary null,0.09555557954208752,,,324
b,PHQ-9 stationary null,0.17318140067604382,,,324
b,PHQ-9 stationary null,0.19853809899341812,,,324
b,PHQ-9 stationary null,0.18376680891428138,,,324
b,PHQ-9 stationary null,0.16180121437926234,,,324
b,PHQ-9 stationary null,0.22285791018926293,,,324
b,PHQ-9 stationary null,0.2236912339767585,,,324
b,PHQ-9 stationary null,0.18942741528531284,,,324
b,PHQ-9 stationary null,0.18684635160453647,,,324
b,PHQ-9 stationary null,0.1830055563918513,,,324
b,PHQ-9 stationary null,0.16887296374408836,,,324
b,PHQ-9 stationary null,0.15356466137903169,,,324
b,PHQ-9 stationary null,0.1377812391723183,,,324
b,PHQ-9 stationary null,0.1971306492468641,,,324
b,PHQ-9 stationary null,0.18148237478339996,,,324
b,PHQ-9 stationary null,0.16859372900213113,,,324
b,PHQ-9 stationary null,0.21490040359506626,,,324
b,PHQ-9 stationary null,0.15386706882777082,,,324
b,PHQ-9 stationary null,0.1371371671270278,,,324
b,PHQ-9 stationary null,0.1424932512559228,,,324
b,PHQ-9 stationary null,0.19282801056255675,,,324
b,PHQ-9 stationary null,0.17425906176671252,,,324
b,PHQ-9 stationary null,0.19921619237014324,,,324
b,PHQ-9 stationary null,0.19796744641934905,,,324
b,PHQ-9 stationary null,0.17388197822034926,,,324
b,PHQ-9 stationary null,0.18761397787541986,,,324
b,PHQ-9 stationary null,0.1563209450655843,,,324
b,PHQ-9 stationary null,0.15731082777001995,,,324
b,PHQ-9 stationary null,0.1353013075289509,,,324
b,PHQ-9 stationary null,0.1513544781957836,,,324
b,PHQ-9 stationary null,0.19706451943283826,,,324
b,PHQ-9 stationary null,0.22590763961184945,,,324
b,PHQ-9 stationary null,0.1877939069391458,,,324
b,PHQ-9 stationary null,0.19056237621636293,,,324
b,PHQ-9 stationary null,0.190870025393336,,,324
b,PHQ-9 stationary null,0.17518190523439192,,,324
b,PHQ-9 stationary null,0.1835466385437435,,,324
b,PHQ-9 stationary null,0.18363013900360847,,,324
b,PHQ-9 stationary null,0.14313235073761943,,,324
b,PHQ-9 stationary null,0.16685412343648273,,,324
b,PHQ-9 stationary null,0.23755753400423357,,,324
b,PHQ-9 stationary null,0.14772334333267773,,,324
b,PHQ-9 stationary null,0.1883449867565424,,,324
b,PHQ-9 stationary null,0.13384728178640595,,,324
b,PHQ-9 stationary null,0.1920925103759837,,,324
b,PHQ-9 stationary null,0.19066501252392093,,,324
b,PHQ-9 stationary null,0.16675957009588652,,,324
b,PHQ-9 stationary null,0.16646287889772166,,,324
b,PHQ-9 stationary null,0.18727508932914042,,,324
b,PHQ-9 stationary null,0.21862256889850532,,,324
b,PHQ-9 stationary null,0.14939541320098831,,,324
b,PHQ-9 stationary null,0.17655262768032312,,,324
b,PHQ-9 stationary null,0.2100818936186336,,,324
b,PHQ-9 stationary null,0.22809885815133737,,,324
b,PHQ-9 stationary null,0.1642929223079163,,,324
b,PHQ-9 stationary null,0.23570248650404224,,,324
b,PHQ-9 stationary null,0.19461514059744256,,,324
b,PHQ-9 stationary null,0.10341249535103722,,,324
b,PHQ-9 stationary null,0.16633310805936413,,,324
b,PHQ-9 stationary null,0.15648250034625286,,,324
b,PHQ-9 stationary null,0.14545111960313323,,,324
b,PHQ-9 stationary null,0.1617642726607268,,,324
b,PHQ-9 stationary null,0.10871375027124737,,,324
b,PHQ-9 stationary null,0.1987481213296061,,,324
b,PHQ-9 stationary null,0.1386443477226423,,,324
b,PHQ-9 stationary null,0.16568821014207863,,,324
b,PHQ-9 stationary null,0.18744642857559793,,,324
b,PHQ-9 stationary null,0.22487871216043126,,,324
b,PHQ-9 stationary null,0.13402861622483003,,,324
b,PHQ-9 stationary null,0.21306610104066956,,,324
b,PHQ-9 stationary null,0.1813299095025612,,,324
b,PHQ-9 stationary null,0.22135798151305613,,,324
b,PHQ-9 stationary null,0.21505885383476567,,,324
b,PHQ-9 stationary null,0.1374242571161067,,,324
b,PHQ-9 stationary null,0.22754015413441558,,,324
b,PHQ-9 stationary null,0.1634896697160353,,,324
b,PHQ-9 stationary null,0.13376393325614458,,,324
b,PHQ-9 stationary null,0.23324579631164186,,,324
b,PHQ-9 stationary null,0.1378706782280665,,,324
b,PHQ-9 stationary null,0.21806723369486822,,,324
b,PHQ-9 stationary null,0.16350171324233542,,,324
b,PHQ-9 stationary null,0.19515531766526248,,,324
b,PHQ-9 stationary null,0.15419935490122488,,,324
b,PHQ-9 stationary null,0.17365183457636305,,,324
b,PHQ-9 stationary null,0.200295200196373,,,324
b,PHQ-9 stationary null,0.19773598985231233,,,324
b,PHQ-9 stationary null,0.16898450047447308,,,324
b,PHQ-9 stationary null,0.16345461033369,,,324
b,PHQ-9 stationary null,0.16864339839087136,,,324
b,PHQ-9 stationary null,0.18262034921698114,,,324
b,PHQ-9 stationary null,0.16516176038507913,,,324
b,PHQ-9 stationary null,0.20016210325479863,,,324
b,PHQ-9 stationary null,0.09089037106612344,,,324
b,PHQ-9 stationary null,0.2057480547991682,,,324
b,PHQ-9 stationary null,0.181837208964638,,,324
b,PHQ-9 stationary null,0.12843905628925095,,,324
b,PHQ-9 stationary null,0.1609086161729036,,,324
b,PHQ-9 stationary null,0.1572154462872964,,,324
b,PHQ-9 stationary null,0.18453580961028837,,,324
b,PHQ-9 stationary null,0.16972819767911695,,,324
b,PHQ-9 stationary null,0.19233957910382427,,,324
b,PHQ-9 stationary null,0.15205435092531613,,,324
b,PHQ-9 stationary null,0.19915974532476136,,,324
b,PHQ-9 stationary null,0.16554762930652633,,,324
b,PHQ-9 stationary null,0.18835764192458662,,,324
b,PHQ-9 stationary null,0.16417949605876148,,,324
b,PHQ-9 stationary null,0.1950469317905981,,,324
b,PHQ-9 stationary null,0.20011496270666512,,,324
b,PHQ-9 stationary null,0.21749092298304257,,,324
b,PHQ-9 stationary null,0.2038744012443629,,,324
b,PHQ-9 stationary null,0.19867997951664823,,,324
b,PHQ-9 stationary null,0.11745768241214861,,,324
b,PHQ-9 stationary null,0.19209836266569327,,,324
b,PHQ-9 stationary null,0.21554819789295424,,,324
b,PHQ-9 stationary null,0.21857900342802308,,,324
b,PHQ-9 stationary null,0.15911776893301263,,,324
b,PHQ-9 stationary null,0.21934630835279287,,,324
b,PHQ-9 stationary null,0.22581418128995917,,,324
b,PHQ-9 stationary null,0.15913052468658972,,,324
b,PHQ-9 stationary null,0.23010110613189796,,,324
b,PHQ-9 stationary null,0.15896685279451292,,,324
b,PHQ-9 stationary null,0.18847468581915378,,,324
b,PHQ-9 stationary null,0.19112230721287132,,,324
b,PHQ-9 stationary null,0.1356534662715168,,,324
b,PHQ-9 stationary null,0.1570814154682506,,,324
b,PHQ-9 stationary null,0.14423759283013995,,,324
b,PHQ-9 stationary null,0.16172073027725115,,,324
b,PHQ-9 stationary null,0.190978717491855,,,324
b,PHQ-9 stationary null,0.16886850378203871,,,324
b,PHQ-9 stationary null,0.2250404161027857,,,324
b,PHQ-9 stationary null,0.12759779475519567,,,324
b,PHQ-9 stationary null,0.16965947680229115,,,324
b,PHQ-9 stationary null,0.16298721405970598,,,324
b,PHQ-9 stationary null,0.16410934314117115,,,324
b,PHQ-9 stationary null,0.22360274544165165,,,324
b,PHQ-9 stationary null,0.22002549067481628,,,324
b,PHQ-9 stationary null,0.16184511822169784,,,324
b,PHQ-9 stationary null,0.1729037215271829,,,324
b,PHQ-9 stationary null,0.20133885342561217,,,324
b,PHQ-9 stationary null,0.15486142875903153,,,324
b,PHQ-9 stationary null,0.17478360503302431,,,324
b,PHQ-9 stationary null,0.16599752593592618,,,324
b,PHQ-9 stationary null,0.13268445355825023,,,324
b,PHQ-9 stationary null,0.1514883370317411,,,324
b,PHQ-9 stationary null,0.12902577062044623,,,324
b,PHQ-9 stationary null,0.21806817491497896,,,324
b,PHQ-9 stationary null,0.1364510021023172,,,324
b,PHQ-9 stationary null,0.17877380994866449,,,324
b,PHQ-9 stationary null,0.16178032344683743,,,324
b,PHQ-9 stationary null,0.18873398014693638,,,324
b,PHQ-9 stationary null,0.22218063000155056,,,324
b,PHQ-9 stationary null,0.2366986639863686,,,324
b,PHQ-9 stationary null,0.16850540081343987,,,324
b,PHQ-9 stationary null,0.1775083766496662,,,324
b,PHQ-9 stationary null,0.26086615321359063,,,324
b,PHQ-9 stationary null,0.14851275747108753,,,324
b,PHQ-9 stationary null,0.17119573390607085,,,324
b,PHQ-9 stationary null,0.16681058710792832,,,324
b,PHQ-9 stationary null,0.12780651099640056,,,324
b,PHQ-9 stationary null,0.2099105645627251,,,324
b,PHQ-9 stationary null,0.2069236672127758,,,324
b,PHQ-9 stationary null,0.20695434532373114,,,324
b,PHQ-9 stationary null,0.1724965435146326,,,324
b,PHQ-9 stationary null,0.17963355647002252,,,324
b,PHQ-9 stationary null,0.17619888708166173,,,324
b,PHQ-9 stationary null,0.21154122509687207,,,324
b,PHQ-9 stationary null,0.17038431714068183,,,324
b,PHQ-9 stationary null,0.18289538374854247,,,324
b,PHQ-9 stationary null,0.16321029613461413,,,324
b,PHQ-9 stationary null,0.1739804800605001,,,324
b,PHQ-9 stationary null,0.20675541898803448,,,324
b,PHQ-9 stationary null,0.21073695617955981,,,324
b,PHQ-9 stationary null,0.19858584258339984,,,324
b,PHQ-9 stationary null,0.17760263589334827,,,324
b,PHQ-9 stationary null,0.1503356740652297,,,324
b,PHQ-9 stationary null,0.1514105194548907,,,324
b,PHQ-9 stationary null,0.12070711784830623,,,324
b,PHQ-9 stationary null,0.15117300316418572,,,324
b,PHQ-9 stationary null,0.19252510447677887,,,324
b,PHQ-9 stationary null,0.15991926806025988,,,324
b,PHQ-9 stationary null,0.15521294190734633,,,324
b,PHQ-9 stationary null,0.18977540919701602,,,324
b,PHQ-9 stationary null,0.18479259067246318,,,324
b,PHQ-9 stationary null,0.2064723573935908,,,324
b,PHQ-9 stationary null,0.1353254087173984,,,324
b,PHQ-9 stationary null,0.21566206875324306,,,324
b,PHQ-9 stationary null,0.15621548843429978,,,324
b,PHQ-9 stationary null,0.19310728289061269,,,324
b,PHQ-9 stationary null,0.18859385653464442,,,324
b,PHQ-9 stationary null,0.1436849688726336,,,324
b,PHQ-9 stationary null,0.19393239685867772,,,324
b,PHQ-9 stationary null,0.2094751146363941,,,324
b,PHQ-9 stationary null,0.1795612237652464,,,324
b,PHQ-9 stationary null,0.1654457768834648,,,324
b,PHQ-9 stationary null,0.13518709319681352,,,324
b,PHQ-9 stationary null,0.16384036828749227,,,324
b,PHQ-9 stationary null,0.18667502154315274,,,324
b,PHQ-9 stationary null,0.09932856982924475,,,324
b,PHQ-9 stationary null,0.23342750360589115,,,324
b,PHQ-9 stationary null,0.22667752262425064,,,324
b,PHQ-9 stationary null,0.15424809849422333,,,324
b,PHQ-9 stationary null,0.16729640236372642,,,324
b,PHQ-9 stationary null,0.2242347989036456,,,324
b,PHQ-9 stationary null,0.23366385952480276,,,324
b,PHQ-9 stationary null,0.23151049067343032,,,324
b,PHQ-9 stationary null,0.1885939253046659,,,324
b,PHQ-9 stationary null,0.16309879167519964,,,324
b,PHQ-9 stationary null,0.16171716182919635,,,324
b,PHQ-9 stationary null,0.2269744583334401,,,324
b,PHQ-9 stationary null,0.18907570758107628,,,324
b,PHQ-9 stationary null,0.1956113133977963,,,324
b,PHQ-9 stationary null,0.2134436685296931,,,324
b,PHQ-9 stationary null,0.16825650820158483,,,324
b,PHQ-9 stationary null,0.17381439304737414,,,324
b,PHQ-9 stationary null,0.13291710709966376,,,324
b,PHQ-9 stationary null,0.1701001284620139,,,324
b,PHQ-9 stationary null,0.1690300455706518,,,324
b,PHQ-9 stationary null,0.20125451542762485,,,324
b,PHQ-9 stationary null,0.1577329800707956,,,324
b,PHQ-9 stationary null,0.12870290398139525,,,324
b,PHQ-9 stationary null,0.1375648698157197,,,324
b,PHQ-9 stationary null,0.14075903991371627,,,324
b,PHQ-9 stationary null,0.19996174259407484,,,324
b,PHQ-9 stationary null,0.14946446475205685,,,324
b,PHQ-9 stationary null,0.1213487573134611,,,324
b,PHQ-9 stationary null,0.15445495647687912,,,324
b,PHQ-9 stationary null,0.22007398316433174,,,324
b,PHQ-9 stationary null,0.1721309413492067,,,324
b,PHQ-9 stationary null,0.1504215557081605,,,324
b,PHQ-9 stationary null,0.1569689954503296,,,324
b,PHQ-9 stationary null,0.17798166756783906,,,324
b,PHQ-9 stationary null,0.1768542689044929,,,324
b,PHQ-9 stationary null,0.1807020998815097,,,324
b,PHQ-9 stationary null,0.1589865764181461,,,324
b,PHQ-9 stationary null,0.1726048625651222,,,324
b,PHQ-9 stationary null,0.17085549462718108,,,324
b,PHQ-9 stationary null,0.23709751902419793,,,324
b,PHQ-9 stationary null,0.19136667452668998,,,324
b,PHQ-9 stationary null,0.18548773093501753,,,324
b,PHQ-9 stationary null,0.19682510761064137,,,324
b,PHQ-9 stationary null,0.20146920704126595,,,324
b,PHQ-9 stationary null,0.1561745473458815,,,324
b,PHQ-9 stationary null,0.1294640481152485,,,324
b,PHQ-9 stationary null,0.17716334852621043,,,324
b,PHQ-9 stationary null,0.15109203660324086,,,324
b,PHQ-9 stationary null,0.17395915531698658,,,324
b,PHQ-9 stationary null,0.18233204639888181,,,324
b,PHQ-9 stationary null,0.18900261362048712,,,324
b,PHQ-9 stationary null,0.2351922370718295,,,324
b,PHQ-9 stationary null,0.18234527689603733,,,324
b,PHQ-9 stationary null,0.1559946657500782,,,324
b,PHQ-9 stationary null,0.1618684246999581,,,324
b,PHQ-9 stationary null,0.1526487459808806,,,324
b,PHQ-9 stationary null,0.14038863967387305,,,324
b,PHQ-9 stationary null,0.15032797752174476,,,324
b,PHQ-9 stationary null,0.20720196318967943,,,324
b,PHQ-9 stationary null,0.18116238863043665,,,324
b,PHQ-9 stationary null,0.20074304758894124,,,324
b,PHQ-9 stationary null,0.14145818643959998,,,324
b,PHQ-9 stationary null,0.19017706507161658,,,324
b,PHQ-9 stationary null,0.16006952729436588,,,324
b,PHQ-9 stationary null,0.20573612242080716,,,324
b,PHQ-9 stationary null,0.14890333267931802,,,324
b,PHQ-9 stationary null,0.15198554205956455,,,324
b,PHQ-9 stationary null,0.23307953746933308,,,324
b,PHQ-9 stationary null,0.2387274566075002,,,324
b,PHQ-9 stationary null,0.18169784375319645,,,324
b,PHQ-9 stationary null,0.2067680410681736,,,324
b,PHQ-9 stationary null,0.14623569717488932,,,324
b,PHQ-9 stationary null,0.18417005174342768,,,324
b,PHQ-9 stationary null,0.18392125447508104,,,324
b,PHQ-9 stationary null,0.17880059675303706,,,324
b,PHQ-9 stationary null,0.17980521899628613,,,324
b,PHQ-9 stationary null,0.17169395633568837,,,324
b,PHQ-9 stationary null,0.15507891420302455,,,324
b,PHQ-9 stationary null,0.18470221089577055,,,324
b,PHQ-9 stationary null,0.14179567850641722,,,324
b,PHQ-9 stationary null,0.20583202726753533,,,324
b,PHQ-9 stationary null,0.2097377393675639,,,324
b,PHQ-9 stationary null,0.19736322606774717,,,324
b,PHQ-9 stationary null,0.1880109185362048,,,324
b,PHQ-9 stationary null,0.14233251159996496,,,324
b,PHQ-9 stationary null,0.14881676609268796,,,324
b,PHQ-9 stationary null,0.1097044640600474,,,324
b,PHQ-9 stationary null,0.21291740121967803,,,324
b,PHQ-9 stationary null,0.15740014602294744,,,324
b,PHQ-9 stationary null,0.20297178865972226,,,324
b,PHQ-9 stationary null,0.2162598306719147,,,324
b,PHQ-9 stationary null,0.1637083519533898,,,324
b,PHQ-9 stationary null,0.15778455454966012,,,324
b,PHQ-9 stationary null,0.15563927110156883,,,324
b,PHQ-9 stationary null,0.1785585874326914,,,324
b,PHQ-9 stationary null,0.20622205004694405,,,324
b,PHQ-9 stationary null,0.21574247453566323,,,324
b,PHQ-9 stationary null,0.2068819640223167,,,324
b,PHQ-9 stationary null,0.1818043857192774,,,324
b,PHQ-9 stationary null,0.17073317917037809,,,324
b,PHQ-9 stationary null,0.19099212922175446,,,324
b,PHQ-9 stationary null,0.11118692683495292,,,324
b,PHQ-9 stationary null,0.20808943492726525,,,324
b,PHQ-9 stationary null,0.14291059808760506,,,324
b,PHQ-9 stationary null,0.13516688960058568,,,324
b,PHQ-9 stationary null,0.13502968714794092,,,324
b,PHQ-9 stationary null,0.20092862011432822,,,324
b,PHQ-9 stationary null,0.2133634760872598,,,324
b,PHQ-9 stationary null,0.14001997340668887,,,324
b,PHQ-9 stationary null,0.18590006071804144,,,324
b,PHQ-9 stationary null,0.22645726930006788,,,324
b,PHQ-9 stationary null,0.1702750622948317,,,324
b,PHQ-9 stationary null,0.18656289890270708,,,324
b,PHQ-9 stationary null,0.10899519460461984,,,324
b,PHQ-9 stationary null,0.14719019394278937,,,324
b,PHQ-9 stationary null,0.15959233201164244,,,324
b,PHQ-9 stationary null,0.13234394175415506,,,324
b,PHQ-9 stationary null,0.16825342616071898,,,324
b,PHQ-9 stationary null,0.20395369178449205,,,324
b,PHQ-9 stationary null,0.2269950403123853,,,324
